name,num_classes,classes_used,ratio,learning_rate,mean_0,variance_0,mean_10,variance_10,mean_20,variance_20,mean_30,variance_30,cap,mean_40,variance_40,mean_50,variance_50,normalization,other
normal,2.0,"(0, 1)","(1, 1)",0.0001,0.49473255,0.0181975271449724,0.7509180000000001,0.0046405847941999,0.81382585,0.0026474782955524,0.8418650000000001,0.00150224385815,,,,,,False,
normal,2.0,"(0, 1)","(1, 1)",1e-05,0.51974275,0.0062637706733625,0.59788305,0.0098907380284225,0.60611385,0.0096549654067524,0.6111022,0.01044409022786,,,,,,False,
ratio,2.0,"(0, 1)","(10, 1)",0.0001,0.4975008499999999,0.0060264023931524,0.6902638000000001,0.0074676049131599,0.7707308500000001,0.0038103581278025,0.8078974499999999,0.0023704603227225,,,,,,False,
ratio,2.0,"(0, 1)","(10, 1)",1e-05,0.5294968000000001,0.02142506309631,0.4903576999999999,0.01085149291101,0.5072265,0.01401535908625,0.52799195,0.0149139838668224,,,,,,False,
oversampled,2.0,"(0, 1)","(10, 1)",0.0001,0.51481275,0.0067766294203625,0.6258188,0.01382702029081,0.65884585,0.0184234199031525,0.6821733,0.0218508926604599,,,,,,False,
oversampled,2.0,"(0, 1)","(10, 1)",1e-05,0.53627355,0.0068260506855224,0.6397399,0.00603232638759,0.65049345,0.0089454930567724,0.6651314500000001,0.0100043187214225,,,,,,False,
undersampled,2.0,"(0, 1)","(10, 1)",0.0001,0.51602005,0.0065639452518225,0.5559299000000001,0.0106128725984399,0.5525592500000001,0.0103175458280625,0.5696139500000001,0.0094095042355725,,,,,,False,
undersampled,2.0,"(0, 1)","(10, 1)",1e-05,0.4554621499999999,0.0098810042566525,0.5417542500000001,0.0057102982544624,0.5433596,0.00487018597989,0.55068195,0.0065226328515224,,,,,,False,
focal_loss,2.0,"(0, 1)","(10, 1)",0.0001,0.4865751,0.0055645924786399,0.4774671,0.00710266636134,0.5307674500000001,0.0063782693257725,0.5655528999999999,0.00678441418424,,,,,,False,
focal_loss,2.0,"(0, 1)","(10, 1)",1e-05,0.5376822000000001,0.01278915974556,0.5388641999999999,0.00540962790196,0.4743665499999999,0.0083021618676224,0.4589527,0.00710152491241,,,,,,False,
oversampled,2.0,"(0, 1)","(100, 1)",0.0001,0.4956582,0.0106091445315099,0.6941254,0.00694037849889,0.74229575,0.0061940084046125,0.76365375,0.0054939083676124,,,,,,False,
oversampled,2.0,"(0, 1)","(100, 1)",1e-05,0.4996610999999998,0.01129525804449,0.61287305,0.0063143223526725,0.6294363,0.0080090676815099,0.6455356000000001,0.00808889792114,,,,,,False,
undersampled,2.0,"(0, 1)","(100, 1)",0.0001,0.5038307,0.0064639437179099,0.501014,0.0078286749008,0.4920932499999999,0.0043651237404125,0.4907663,0.0027883420618099,,,,,,False,
undersampled,2.0,"(0, 1)","(100, 1)",1e-05,0.4906308,0.0139725419528099,0.5447677,0.0077645254042099,0.5606261,0.00743850389229,0.5634582000000001,0.0065419425879599,,,,,,False,
focal_loss,2.0,"(0, 1)","(100, 1)",0.0001,0.48786455,0.0131969050386225,0.48976655,0.0034181235874725,0.4768309999999999,0.0032912367275999,0.4693563,0.0035722110127599,,,,,,False,
focal_loss,2.0,"(0, 1)","(100, 1)",1e-05,0.5627338500000001,0.0091479948441025,0.5789992500000001,0.0080845244624624,0.57163645,0.0098966991859224,0.56787185,0.0102297084445024,,,,,,False,
ratio,3.0,"(0, 3, 1)","(20, 2, 1)",0.0001,0.49914115,0.0010684681581649,0.50428845,0.0002240169327225,0.50725445,8.76761241225002e-05,0.508203475,0.0001501842551431,,,,,,False,
ratio,3.0,"(0, 3, 1)","(20, 2, 1)",1e-05,0.5046932,0.0006937830115224,0.5039709250000001,7.31960512631245e-05,0.503208575,3.528988763812498e-05,0.50267375,2.378120652500005e-05,,,,,,False,
oversampled,3.0,"(0, 3, 1)","(20, 2, 1)",0.0001,0.4968560000000001,0.0007447709173375,0.518779275,0.0032863637511056,0.5215867750000001,0.0046508688300431,0.5326736,0.0059024195583024,,,,,,False,
oversampled,3.0,"(0, 3, 1)","(20, 2, 1)",1e-05,0.5157956749999999,0.0016883278003506,0.5157727750000001,0.0020239161597056,0.5146951,0.001567073327165,0.516567875,0.0016118168457406,,,,,,False,
undersampled,3.0,"(0, 3, 1)","(20, 2, 1)",0.0001,0.51636945,0.001773467025985,0.50648665,0.0037018215824774,0.503224975,0.0019493566367681,0.5042806,0.0015736563829774,,,,,,False,
undersampled,3.0,"(0, 3, 1)","(20, 2, 1)",1e-05,0.501074675,8.668389290062564e-05,0.5113207249999999,0.0024093495633556,0.5026117250000001,0.0055500018972556,0.4988829499999999,0.0064327199678974,,,,,,False,
weighted,3.0,"(0, 3, 1)","(20, 2, 1)",0.0001,0.499741475,0.0006670818345806,0.514506375,0.0005186343278031,0.515024375,0.0006277949723781,0.52363205,0.00137745164716,,,,,,False,
weighted,3.0,"(0, 3, 1)","(20, 2, 1)",1e-05,0.4899213999999999,0.0008701045071899,0.5558096749999999,0.0065507305845506,0.5481735249999999,0.0044686738306431,0.543338675,0.0037756308867881,,,,,,False,
focal_loss,3.0,"(0, 3, 1)","(20, 2, 1)",0.0001,0.473442325,0.0021487887580756,0.504971875,5.567319025312513e-05,0.502525325,2.570374000624986e-06,0.501649975,1.802645030625045e-06,,,,,,False,
focal_loss,3.0,"(0, 3, 1)","(20, 2, 1)",1e-05,0.5171614000000001,0.0014796015481025,0.5326682250000001,0.0007833877033056,0.5216097749999999,0.0003628841961556,0.5163029750000001,0.0001685721954556,,,,,,False,
ratio,3.0,"(0, 3, 1)","(20, 2, 1)",0.001,0.4945522999999999,0.0002908757247975,0.50080005,9.60195022499987e-07,0.5001,9.000000000000018e-08,0.500225,4.556249999999897e-07,,,,,,False,
oversampled,3.0,"(0, 3, 1)","(20, 2, 1)",0.001,0.5070116250000001,0.0006726999419281,0.5171724,0.0106050358587775,0.6107052000000001,0.0110721530029849,0.6406400999999999,0.0059437320376525,,,,,,False,
undersampled,3.0,"(0, 3, 1)","(20, 2, 1)",0.001,0.5033227749999999,0.0006037076521431,0.497578975,0.0003931926498431,0.4927037749999999,0.0006438613507681,0.497631175,0.0006076706855006,,,,,,False,
weighted,3.0,"(0, 3, 1)","(20, 2, 1)",0.001,0.4940852250000001,0.0001606904991681,0.4997143249999999,0.0001877967863256,0.5058250249999999,0.0002323558686056,0.514149575,0.0011028412432131,,,,,,False,
focal_loss,3.0,"(0, 3, 1)","(20, 2, 1)",0.001,0.4899123749999999,0.0002709424148156,0.5001,2.7499999999993933e-08,0.5000249999999999,5.624999999998761e-09,0.5000249999999999,5.624999999998761e-09,,,,,,False,
ratio,2.0,"(0, 1)","(10, 1)",0.001,0.5014271499999998,0.0132006293695024,0.8240102,0.0115116504797599,0.8587996500000001,0.0126781280150024,0.8661630499999999,0.0137205324901225,,,,,,False,
triplet_loss,2.0,"(0, 1)","(1, 1)","(1e-07, 0.001)",0.50387825,1.2889895062500125e-05,0.5067565,6.601562500000801e-07,0.5072469999999999,9.734399999998689e-08,0.507244,9.609999999998573e-08,,0.508227,1.6770250000001197e-06,0.508227,1.6718489999999705e-06,False,
triplet_loss,2.0,"(0, 1)","(1, 1)","(1e-07, 0.01)",0.3876735,1.2891690250000372e-05,0.5002497499999999,6.262506250000371e-08,0.49950025,2.492505624999512e-07,0.49975025,6.262506250001761e-08,,0.498503,9.96003999999998e-07,0.498503,2.2425062500001213e-06,False,
normal,2.0,"(0, 1)","(1, 1)",0.0005,0.49473255,0.0181975271449724,0.8670901499999999,0.0008905699704525,0.8946612500000001,0.0001194788479624,0.90395595,0.0001086268365725,,,,,,False,
normal,2.0,"(0, 1)","(1, 1)",0.001,0.51974275,0.0062637706733625,0.78139675,0.0234502219855125,0.7744599,0.03264435640609,0.7913480500000001,0.0364083812910725,,,,,,False,
oversampled,2.0,"(0, 1)","(100, 1)",0.001,0.4993932499999999,0.0159392794042125,0.74206575,0.0197182228348125,0.81498205,0.0041093501652725,0.8046735,0.0047229428776499,,,,,,False,
oversampled,2.0,"(0, 1)","(100, 1)",0.005,0.51414115,0.0094525968273524,0.6448930500000001,0.0095485985232224,0.6549465,0.00926397270425,0.66315185,0.0075339675078024,,,,,,False,
triplet_loss,2.0,"(0, 1)","(1, 1)","(1e-06, 0.0005)",0.5755523333333333,0.0067562126495555,0.5157851666666667,0.0004436028007222,0.7099721666666667,0.0258352145010555,0.7513468333333333,0.0306188293200555,,0.7661461666666667,0.0365258477550555,0.8773533333333333,0.0019645864357222,False,
triplet_loss,2.0,"(0, 1)","(1, 1)","(1e-07, 0.0001)",0.3958746666666666,0.0011663273182222,0.8253588333333334,0.0006147498733888,0.8532878333333334,0.0003344479423888,0.8718279999999999,0.0002389140994999,,0.8806633333333335,0.0001071241527222,0.8857311666666666,0.0001290152907222,False,
triplet_loss,2.0,"(0, 1)","(1, 1)","(1e-07, 1e-05)",0.6258043333333334,0.0013576653342222,0.6536605,0.0002509158344999,0.6803613333333334,0.0005525811190555,0.7056278333333333,0.0002539721783888,,0.7232006666666667,0.0003245074402222,0.7403784999999999,0.0004965446704999,False,
triplet_loss,2.0,"(0, 1)","(1, 1)","(1e-07, 5e-05)",0.542266,0.0076876324181666,0.6992978333333334,0.0158038470917222,0.7524795000000001,0.0069387306404999,0.7958828333333333,0.0026523487495555,,0.8196608333333333,0.0014868975900555,0.8398361666666666,0.0008398735427222,False,
triplet_loss,2.0,"(0, 1)","(1, 1)","(5e-07, 5e-05)",0.5495023333333333,0.0053397394308888,0.4996663333333333,4.7697819555555576e-05,0.4995041666666666,2.589555072222182e-05,0.4993343333333333,2.797974538888845e-05,,0.4999961666666666,2.2980044055555364e-05,0.5003278333333333,1.0965738722222386e-05,False,
cosine_distance_capped_smote,2.0,"(0, 1)","(100, 1)",0.001,0.46055075,0.0098484197150624,0.8172545999999998,0.0024740848150899,0.837025,0.00034352346115,0.82528505,0.0042853973377725,,1.0,,,,False,
cosine_distance_capped_smote,2.0,"(0, 1)","(100, 1)",0.0005,0.4911051,0.01024325300184,0.8235451000000001,0.0003893497445399,0.8333769,0.00029400330674,0.81220795,0.0031815306898225,1.0,,,,,False,
cosine_distance_capped_smote,2.0,"(0, 1)","(100, 1)",0.0001,0.47842775,0.0039331429881625,0.7798460500000001,0.0008125990048224,0.81211335,0.0004350206912525,0.82571475,0.0003345239863124,1.0,,,,,False,
cosine_distance_capped_smote,2.0,"(0, 1)","(100, 1)",0.001,0.49157465,0.0119752460172025,0.79777185,0.0110449366535524,0.8207377000000001,0.01156382363401,0.8050854,0.01240752845539,10.0,,,,,False,
cosine_distance_capped_smote,2.0,"(0, 1)","(100, 1)",0.0005,0.5226679,0.0165036997452399,0.8353768,0.0009158646702599,0.8527137,0.0004307729038599,0.8379181000000001,0.00198627046804,10.0,,,,,False,
cosine_distance_capped_smote,2.0,"(0, 1)","(100, 1)",0.0001,0.4609728,0.00734453854271,0.7648159000000001,0.01044867404434,0.7812299999999999,0.01195789823635,0.7864956999999999,0.01439259821621,10.0,,,,,False,
weighted,2.0,"(0, 1)","(100, 1)",0.001,0.50601015,0.0107262940500024,0.6116658000000001,0.02816727747716,0.6118732500000001,0.0289069139851125,0.61155995,0.0287899951165725,,,,,,False,
weighted,2.0,"(0, 1)","(100, 1)",0.0001,0.53325535,0.0149597955638024,0.59232135,0.0129520566120024,0.6428948999999999,0.02098263458394,0.6515893,0.02348251461061,,,,,,False,
ratio,2.0,"(0, 1)","(100, 1)",0.001,0.49716515,0.0111768582353025,0.6821857,0.00373520926841,0.75396495,0.0019565102892224,0.7759347,0.0028196880426099,,,,,,False,
ratio,2.0,"(0, 1)","(100, 1)",0.0001,0.4911499999999999,0.0102311201959999,0.5623386,0.0049812288190399,0.5850534,0.0037063238766899,0.6101005,0.0032769204476,,,,,,False,
ratio,2.0,"(0, 1)","(100, 1)",0.0005,0.55853915,0.0086659738824025,0.6504328500000001,0.0054702594215025,0.70956185,0.0052715578912024,0.7403386999999999,0.00495012807916,,,,,,False,
ratio,2.0,"(0, 1)","(100, 1)",0.005,0.49991575,0.0129714285759124,0.74831895,0.0012653944022725,0.8086144,0.0013740251834399,0.8244614499999999,0.0014513956308225,,,,,,False,
cosine_distance_capped_smote_triplet_loss,2.0,"(0, 1)","(100, 1)","(1e-07, 0.0001)",0.4928573333333333,0.0128042867042222,0.7973064999999999,0.0007813591984999,0.8048448333333335,0.0015449478967222,0.8245490000000001,0.0005513370906666,5.0,0.8238548333333333,0.0005305479483888,0.8254663333333334,0.0008115958110555,,
smote,2.0,"(0, 1)","(10, 1)",0.005,0.49473255,0.0181975271449724,0.63731345,0.0217306917951224,0.6637782,0.02736916281741,0.6561410500000001,0.0256772905017725,,,,,,False,
smote,2.0,"(0, 1)","(10, 1)",0.0001,0.51974275,0.0062637706733625,0.7056574500000001,0.0136685384274225,0.7551284,0.0146247236884899,0.7841329,0.0126480959447899,,,,,,False,
smote,2.0,"(0, 1)","(10, 1)",0.001,0.52285355,0.0110365757207225,0.8186038,0.00509499975826,0.8548244,0.00305710637459,0.87059365,0.0014258253027024,,,,,,False,
cosine_distance_capped_smote,2.0,"(0, 1)","(10, 1)",0.001,0.49157465,0.0119752460172025,0.7839845,0.0188557940146999,0.8193230999999999,0.01209882592584,0.8013212,0.01369584779536,5.0,,,,,False,
cosine_distance_capped_smote,2.0,"(0, 1)","(10, 1)",0.0005,0.5226679,0.0165036997452399,0.8211962500000001,0.0119078999330625,0.8299511500000001,0.0122912154590525,0.7992133500000002,0.0144924854396524,5.0,,,,,False,
cosine_distance_capped_smote,2.0,"(0, 1)","(10, 1)",0.0001,0.4609728,0.00734453854271,0.7748153,0.0090872714473599,0.7909741,0.00982053089029,0.8000584500000001,0.0106057658961725,5.0,,,,,False,
undersampled_smote,2.0,"(0, 1)","(100, 1)",0.0001,0.4954180999999999,0.00905567931404,0.4796859500000001,0.0059178296385225,0.5007172000000001,0.00567695312456,0.53376365,0.0055695846489025,,,,,,False,
undersampled_smote,2.0,"(0, 1)","(100, 1)",0.001,0.55226025,0.0211357058495125,0.665462,0.00394754761565,0.71342125,0.0011550448813624,0.733541,0.0025517498307999,,,,,,False,
triplet_loss_capped_smote,2.0,"(0, 1)","(100, 1)",0.001,0.53510295,0.0109290237529725,0.8478044,0.0006879259009399,0.827829,0.0023349608998999,0.82765945,0.0013210121232725,1.0,,,,,False,
triplet_loss_capped_smote,2.0,"(0, 1)","(100, 1)",0.0005,0.43184445,0.0135092355781725,0.73404835,0.0209296264368525,0.7720432000000002,0.01952888636936,0.7786550999999999,0.0197822913027399,1.0,,,,,False,
triplet_loss_capped_smote,2.0,"(0, 1)","(100, 1)",0.0001,0.5191262,0.00891632029271,0.7522068500000001,0.0088390826817025,0.79241245,0.0063333047912724,0.8267656499999999,0.0008461020817024,,,,,,False,
triplet_loss_capped_smote,2.0,"(0, 1)","(100, 1)",0.001,0.4936494999999999,0.0077183226542,0.8235054500000001,0.0010576326902225,0.8173922999999998,0.0036368959863599,0.83222975,0.0015662335282625,5.0,,,,,False,
triplet_loss_capped_smote,2.0,"(0, 1)","(100, 1)",0.0005,0.4915032,0.0142243333938099,0.82288865,0.0011614607221024,0.8350762999999999,0.0006127009334599,0.8245730000000002,0.0013016777013499,5.0,,,,,False,
triplet_loss_capped_smote,2.0,"(0, 1)","(100, 1)",0.0001,0.4974164,0.0089876457948399,0.6681435,0.0155846380187,0.7026742,0.01887906185196,0.7197168500000001,0.0217694998498025,5.0,,,,,False,
normal,2.0,"(0, 1)","(1, 1)",0.05,0.52554415,0.0185328792957025,0.9314455000000004,3.521474444999986e-05,0.9406091,1.393074329000006e-05,0.94700925,1.020114246250002e-05,,,,,,True,
normal,2.0,"(0, 1)","(1, 1)",0.01,0.5866838000000001,0.0045521008137599,0.9080262,2.234674136000037e-05,0.92333645,4.148718892249978e-05,0.9309912,3.310311255999978e-05,,,,,,True,
normal,2.0,"(0, 1)","(1, 1)",0.001,0.4824742000000001,0.01765718854501,0.7859906999999999,0.00027754176596,0.8177521500000001,0.0002339892238025,0.8515009000000001,0.00023128393969,,,,,,True,
normal,2.0,"(0, 1)","(1, 1)",0.0005,0.53432035,0.0138975580254524,0.7798257999999999,0.00047478397581,0.79152085,0.0002204547370025,0.8035524000000001,9.386045963999932e-05,,,,,,True,
ratio,2.0,"(0, 1)","(100, 1)",0.05,0.4589424,0.01430737215474,0.776017,0.0001471329142,0.80481765,8.271109440249988e-05,0.8203081000000001,0.0001717510118399,,,,,,True,
ratio,2.0,"(0, 1)","(100, 1)",0.01,0.43413525,0.0181686970843125,0.70607865,4.661919305249968e-05,0.7343543499999998,5.140631660249997e-05,0.7560939499999999,5.728806992250029e-05,,,,,,True,
ratio,2.0,"(0, 1)","(100, 1)",0.001,0.47879445,0.0052941212451225,0.5491922499999999,0.0022844308353625,0.6115373999999999,0.0005941833236399,0.6433005999999999,0.0003162994448399,,,,,,True,
ratio,2.0,"(0, 1)","(100, 1)",0.0005,0.5231297,0.0161254409281599,0.5537107000000001,0.01019742510636,0.5918888000000001,0.00309395382101,0.6143672,0.00107868177676,,,,,,True,
ratio,2.0,"(0, 1)","(100, 1)",0.005,0.4743140999999999,0.0121472320552399,0.6705875499999999,0.0003249865075224,0.69940235,0.0001680318974025,0.7160268500000001,0.0001274630018024,,,,,,True,
oversampled,2.0,"(0, 1)","(100, 1)",0.05,0.50864135,0.0153129783415024,0.80272725,0.0007600198945625,0.7709608,0.0007073413379099,0.7688229999999999,0.0006854297473999,,,,,,True,
oversampled,2.0,"(0, 1)","(100, 1)",0.01,0.51905625,0.0161813135573125,0.8603459999999998,0.000362584874,0.8163826000000001,0.0012304156436399,0.7981772000000001,0.0018641365183599,,,,,,True,
oversampled,2.0,"(0, 1)","(100, 1)",0.001,0.46617915,0.0226273760248524,0.77945565,0.0002769642471025,0.8083496,0.0001653384952399,0.8355019,0.0001496392582899,,,,,,True,
oversampled,2.0,"(0, 1)","(100, 1)",0.005,0.488564,0.0180990469575499,0.8582345,0.00012669561605,0.8621654,9.983610164000092e-05,0.8482979,0.0002145027586899,,,,,,True,
oversampled,2.0,"(0, 1)","(100, 1)",0.0001,0.54384315,0.0174957199926525,0.6664222999999999,0.00802396702901,0.7427183000000002,0.0023884887151599,0.7755747,0.00125495130781,,,,,,True,
undersampled,2.0,"(0, 1)","(100, 1)",0.05,0.4240543,0.0068675193149099,0.72274555,0.0019730986054225,0.7693273500000002,0.0001738222677025,0.7911414999999999,0.0001872896704,,,,,,True,
undersampled,2.0,"(0, 1)","(100, 1)",0.01,0.5494086499999999,0.0097859971577025,0.614425,0.0060813968906,0.65712295,0.0028292844294724,0.6871693000000001,0.00135327514336,,,,,,True,
undersampled,2.0,"(0, 1)","(100, 1)",0.001,0.4484185500000001,0.0188883504019225,0.4531807,0.0186119786121599,0.45978315,0.0178642375893025,0.46578605,0.0161229481756724,,,,,,True,
undersampled,2.0,"(0, 1)","(100, 1)",0.005,0.52433655,0.0134615015630224,0.5614442999999999,0.0085111444586599,0.58877205,0.0069854788083724,0.6127442,0.00648304418446,,,,,,True,
undersampled,2.0,"(0, 1)","(100, 1)",0.0001,0.47966195,0.0107200493056724,0.4808149,0.01073230462904,0.4816855,0.0107434408235999,0.4827839499999999,0.0107696956665225,,,,,,True,
weighted,2.0,"(0, 1)","(100, 1)",0.05,0.4809309,0.03243688657449,0.53078855,0.0036419048615225,0.53302895,0.0036673804691224,0.5055168,0.0001341245611599,,,,,,True,
weighted,2.0,"(0, 1)","(100, 1)",0.01,0.50772835,0.0147963481678524,0.8498090999999999,0.0003702374780899,0.8565388500000001,0.0001246303384025,0.8574023499999999,0.0004307705092024,,,,,,True,
weighted,2.0,"(0, 1)","(100, 1)",0.005,0.5017536,0.00689209089714,0.8509901,0.00016684808929,0.8653142,0.0001545085717599,0.8619280500000001,0.0003760774698224,,,,,,True,
weighted,2.0,"(0, 1)","(100, 1)",0.001,0.5133889,0.0099383484054899,0.7949610999999999,0.0004288546888899,0.817984,0.0001249776403999,0.83940535,0.0001642815395024,,,,,,True,
weighted,2.0,"(0, 1)","(100, 1)",0.0005,0.5005579,0.01253842625014,0.7794524999999999,0.0003624673890499,0.7905034500000001,0.0001283677435224,0.8034404,0.0001122501925899,,,,,,True,
smote,2.0,"(0, 1)","(100, 1)",0.01,0.60081345,0.0083304741308225,0.8631152,0.0023350696781599,0.8877938000000001,0.0001614489085599,0.8779014,0.00019698209064,,,,,,True,
smote,2.0,"(0, 1)","(100, 1)",0.005,0.5143452000000001,0.01184400040251,0.87292235,0.0001010140734025,0.8941796999999998,7.949806260999988e-05,0.8867533000000002,0.0001556024438099,,,,,,True,
smote,2.0,"(0, 1)","(100, 1)",0.001,0.4842975500000001,0.0109267007907225,0.7746861,0.00015893333454,0.8099206999999999,0.0002168225059599,0.8454900499999999,0.0001187432232725,,,,,,True,
smote,2.0,"(0, 1)","(100, 1)",0.0001,0.5259919,0.02061230487149,0.6591972,0.01190655945641,0.7125997500000001,0.0078193235372125,0.7303271,0.00557749997724,,,,,,True,
distance_capped_smote,2.0,"(0, 1)","(100, 1)",0.05,0.4940896,0.0062129832688399,0.87926465,0.0014674699940024,0.8913444,0.00010684052284,0.8627089499999998,0.0017985954203224,10.0,,,,,True,
distance_capped_smote,2.0,"(0, 1)","(100, 1)",0.01,0.4589023499999999,0.0138007832879025,0.8756316500000001,0.0024205501636025,0.8917630000000001,0.0003457102623999,0.8916092000000001,0.00014968770936,10.0,,,,,True,
distance_capped_smote,2.0,"(0, 1)","(100, 1)",0.001,0.47789045,0.0219816049983725,0.78081535,0.0002722917172024,0.8221031999999999,0.0001794889077599,0.8548814,9.33491188899996e-05,10.0,,,,,True,
distance_capped_smote,2.0,"(0, 1)","(100, 1)",0.0005,0.4909364500000001,0.0134230336935725,0.7796294999999999,0.0004225561253999,0.7871465499999999,0.0001554614978225,0.7987987,9.632807761000072e-05,10.0,,,,,True,
distance_capped_smote,2.0,"(0, 1)","(100, 1)",0.0001,0.4744481,0.0176685091920399,0.61754645,0.0123659697649725,0.69880945,0.0047594354299724,0.7418672500000001,0.0018931696590124,10.0,,,,,True,
cosine_distance_capped_smote,2.0,"(0, 1)","(100, 1)",0.05,0.45494045,0.0150598423256725,0.87994085,0.0030304217602024,0.8850323999999998,0.00096752495244,0.8527757999999999,0.0025595776105099,1.0,,,,,True,
cosine_distance_capped_smote,2.0,"(0, 1)","(100, 1)",0.01,0.4607851,0.0139917709194899,0.8941939999999999,9.798386820000024e-05,0.8536815499999999,0.0080524927364225,0.8935112999999999,9.79091468099996e-05,1.0,,,,,True,
cosine_distance_capped_smote,2.0,"(0, 1)","(100, 1)",0.001,0.4803594,0.01379133846214,0.78945035,0.0002596458354024,0.8246367500000001,0.0002930370777625,0.85223175,0.0001877460905624,1.0,,,,,True,
cosine_distance_capped_smote,2.0,"(0, 1)","(100, 1)",0.0005,0.4441056999999999,0.0144532260498599,0.7685565,0.0011399205076,0.7853225,0.0002589529552499,0.8042142499999999,0.0002435292339625,1.0,,,,,True,
cosine_distance_capped_smote,2.0,"(0, 1)","(100, 1)",0.0001,0.4409226499999999,0.0124039317637524,0.6393529,0.0112408583671899,0.7309984000000002,0.00267686336449,0.7640717499999999,0.0008981151570124,1.0,,,,,True,
triplet_loss_capped_smote,2.0,"(0, 1)","(100, 1)",0.0001,0.51822905,0.0122912038227224,0.6005022000000001,0.0090762088244599,0.6516063000000001,0.00548149050851,0.6837845500000002,0.0028540100190225,1.0,,,,,True,
triplet_loss,2.0,"(0, 1)","(1, 1)","(5e-06, 0.01)",0.4899861,0.01787263013229,0.9194648,1.4392918759999812e-05,0.9286975,4.498011384999959e-05,0.9350425,6.720112425000019e-05,0.0,,,,,True,
triplet_loss,2.0,"(0, 1)","(1, 1)","(1e-06, 0.005)",0.54450665,0.0094121085594524,0.9045894,4.05572894399993e-05,0.9219536,1.6559511640000222e-05,0.929365,2.0527717400000064e-05,0.0,,,,,True,
triplet_loss,2.0,"(0, 1)","(1, 1)","(1e-06, 0.001)",0.5028319000000001,0.01987788096714,0.8102523000000001,0.00034567812556,0.8594645999999999,0.0002584896822399,0.88455645,0.0001044778309724,0.0,,,,,True,
triplet_loss,2.0,"(0, 1)","(1, 1)","(5e-06, 0.0005)",0.436778,0.0109645250514,0.7888518999999999,7.531588949000003e-05,0.8168913,6.907184460999996e-05,0.8415031999999998,6.906702880999949e-05,0.0,,,,,True,
triplet_loss,2.0,"(0, 1)","(1, 1)","(5e-06, 0.001)",0.4552733,0.01988964675071,0.8182182500000001,0.0001078807371624,0.8618805,0.00010263595145,0.8850282999999999,3.416209000999988e-05,0.0,,,,,True,
triplet_loss,2.0,"(0, 1)","(1, 1)","(1e-06, 0.0005)",0.4841292,0.01011714412806,0.79313485,0.0001749771033025,0.8193950999999998,0.00018209710369,0.8464951,0.0001660507794399,0.0,,,,,True,
triplet_loss,2.0,"(0, 1)","(1, 1)","(1e-06, 0.0001)",0.5132095,0.0128399178735999,0.7161176499999999,0.0012938276736025,0.7518890999999999,0.00070857145174,0.76398075,0.0004858472491125,0.0,,,,,True,
triplet_loss,2.0,"(0, 1)","(1, 1)","(5e-06, 0.0005)",0.44704565,0.0101106519720025,0.7788302,0.00029197023536,0.81022175,0.0002934291255624,0.8379142999999999,0.00029994834421,0.0,,,,,True,
distance_capped_smote,2.0,"(0, 1)","(100, 1)",0.001,0.52780165,0.0139446140083524,0.76007515,0.0088659920912524,0.7504052,0.01041465870861,0.7441020500000001,0.0101837214793225,1.0,,,,,False,
distance_capped_smote,2.0,"(0, 1)","(100, 1)",0.005,0.4899417,0.01670256511086,0.7815352999999999,0.00931571979501,0.7604092499999999,0.0175661894213125,0.72447255,0.0169625690316225,1.0,,,,,False,
distance_capped_smote,2.0,"(0, 1)","(100, 1)",0.0005,0.5170202500000001,0.0091200629445625,0.7595041,0.0085607242663399,0.8004280500000001,0.0020850542416724,0.8023609,0.0007180246839399,1.0,,,,,False,
distance_capped_smote,2.0,"(0, 1)","(100, 1)",0.0001,0.5523624500000001,0.0121820504803724,0.7456927,0.0012827111429099,0.773549,0.0004646721995499,0.7842852,0.0009609452781099,1.0,,,,,False,
distance_capped_smote,2.0,"(0, 1)","(100, 1)",5e-05,0.4101879,0.0095781382306899,0.6494161999999999,0.01317696814721,0.7067894,0.01044700016854,0.7427769,0.0071333529516899,1.0,,,,,False,
cosine_distance_capped_smote,2.0,"(0, 1)","(100, 1)",0.001,0.49157465,0.0119752460172025,0.80650645,0.0010799894432225,0.7983452,0.0015668236716099,0.7837802,0.00368425760271,5.0,,,,,False,
cosine_distance_capped_smote,2.0,"(0, 1)","(100, 1)",0.005,0.5226679,0.0165036997452399,0.79066635,0.0066123907528524,0.7655837,0.01439175317101,0.8157995,0.0009718062164999,5.0,,,,,False,
cosine_distance_capped_smote,2.0,"(0, 1)","(100, 1)",0.0005,0.4609728,0.00734453854271,0.83081345,0.0005516561010224,0.7996321500000001,0.0072673954651524,0.8285446500000001,0.0017451454396025,5.0,,,,,False,
cosine_distance_capped_smote,2.0,"(0, 1)","(100, 1)",0.0001,0.4739916,0.00554835552179,0.7343498500000002,0.0129062484755025,0.78337305,0.0030457233182724,0.8049459000000001,0.0012649890576399,5.0,,,,,False,
cosine_distance_capped_smote,2.0,"(0, 1)","(100, 1)",5e-05,0.5267868,0.01010089337791,0.72549745,0.0072230256222725,0.75965615,0.0030422203141524,0.7789275,0.0014233889962,5.0,,,,,False,
distance_capped_smote,2.0,"(0, 1)","(100, 1)",0.001,0.5154622,0.02465033921486,0.76709005,0.0005102171058225,0.7925036000000001,0.0001008675594899,0.8167274499999999,8.78343466225006e-05,1.0,,,,,True,
distance_capped_smote,2.0,"(0, 1)","(100, 1)",0.005,0.5672526,0.0090202287453899,0.8380304000000001,6.295276624000092e-05,0.8450405,0.0008988800880499,0.8639044,0.00017808568684,1.0,,,,,True,
distance_capped_smote,2.0,"(0, 1)","(100, 1)",0.0005,0.45480065,0.0123599711017025,0.7304841499999999,0.0013521428311524,0.75012145,0.0006296033926225,0.7662120499999999,0.0004191880124224,1.0,,,,,True,
distance_capped_smote,2.0,"(0, 1)","(100, 1)",0.0001,0.5508586999999999,0.02239322646136,0.6820975,0.0068274380523,0.73015455,0.0023884342509224,0.7457439499999998,0.0016741830338725,1.0,,,,,True,
distance_capped_smote,2.0,"(0, 1)","(100, 1)",0.001,0.5154622,0.02465033921486,0.76709005,0.0005102171058225,0.7925036000000001,0.0001008675594899,0.8167274499999999,8.78343466225006e-05,1.0,,,,,True,
distance_capped_smote,2.0,"(0, 1)","(100, 1)",0.005,0.5672526,0.0090202287453899,0.8380304000000001,6.295276624000092e-05,0.8450405,0.0008988800880499,0.8639044,0.00017808568684,1.0,,,,,True,
distance_capped_smote,2.0,"(0, 1)","(100, 1)",0.0005,0.45480065,0.0123599711017025,0.7304841499999999,0.0013521428311524,0.75012145,0.0006296033926225,0.7662120499999999,0.0004191880124224,1.0,,,,,True,
distance_capped_smote,2.0,"(0, 1)","(100, 1)",0.0001,0.5508586999999999,0.02239322646136,0.6820975,0.0068274380523,0.73015455,0.0023884342509224,0.7457439499999998,0.0016741830338725,1.0,,,,,True,
smote,3.0,"(0, 3, 1)","(20, 2, 1)",0.001,0.50825205,0.002020754675535,0.5771149,0.005959167925465,0.5740964749999999,0.0019279360360806,0.55200105,0.0015018181708975,,,,,,False,
distance_capped_smote,3.0,"(0, 3, 1)","(20, 2, 1)",5e-05,0.4972265999999999,0.0007258583662899,0.5504271,0.0021798571809275,0.556987725,0.0034323415483306,0.5623747499999999,0.0028781164538375,1.0,,,,,False,
distance_capped_smote,3.0,"(0, 3, 1)","(20, 2, 1)",0.0005,0.5042443750000001,0.0004074952847656,0.5328512000000001,0.00147587523631,0.5783759,0.0075983485193524,0.545995525,0.0028386029700056,1.0,,,,,False,
distance_capped_smote,3.0,"(0, 3, 1)","(20, 2, 1)",0.0001,0.4894004749999999,0.0004063100698306,0.531831075,0.0038538157197631,0.535455175,0.0025868137283631,0.5438132499999999,0.0061081760593499,1.0,,,,,False,
distance_capped_smote,3.0,"(0, 3, 1)","(20, 2, 1)",5e-05,0.5041169750000001,0.0015541349135056,0.5153050749999999,0.0012537512362506,0.524124675,0.0029967681766756,0.541541,0.002606966751375,5.0,,,,,False,
distance_capped_smote,3.0,"(0, 3, 1)","(20, 2, 1)",0.0005,0.5010060000000001,0.0009665504239625,0.545744275,0.0030207288240931,0.516873675,0.0005600662315506,0.540899425,0.0018362892879756,5.0,,,,,False,
distance_capped_smote,3.0,"(0, 3, 1)","(20, 2, 1)",0.0001,0.5019199999999999,0.0007628823332125,0.52559655,0.0016047476759599,0.54371785,0.003639585557965,0.5612977,0.00464122529626,5.0,,,,,False,
distance_capped_smote,3.0,"(0, 3, 1)","(20, 2, 1)",5e-05,0.50111535,0.001318875532165,0.5247144999999999,0.0020152603381875,0.5537479750000001,0.0046532687013181,0.561925275,0.0059218464604681,10.0,,,,,False,
distance_capped_smote,3.0,"(0, 3, 1)","(20, 2, 1)",0.0005,0.506736325,0.0027466338483131,0.5611111999999999,0.0028195363351474,0.5310938,0.0013281728886225,0.535031025,0.0005587976595056,10.0,,,,,False,
distance_capped_smote,3.0,"(0, 3, 1)","(20, 2, 1)",0.0001,0.5029174249999999,0.0014207151828881,0.5734610750000001,0.0010366552664756,0.64426425,0.001636261838775,0.643230525,0.0027337223701056,10.0,,,,,False,
smote,3.0,"(0, 3, 1)","(20, 2, 1)",0.0001,0.4915876,0.0003596702353525,0.627313325,0.0052161075696131,0.6471800000000001,0.0043626349947874,0.653364375,0.0037111993765531,,,,,,False,
smote,3.0,"(0, 3, 1)","(20, 2, 1)",0.0005,0.5084250750000001,0.0013470037113506,0.5971889750000001,0.0043300990520056,0.616395225,0.0051333763264931,0.5989180249999999,0.0025312986712306,,,,,,False,
smote,3.0,"(0, 3, 1)","(20, 2, 1)",1e-05,0.4779523499999999,0.001195603253365,0.535280875,0.0020858188275781,0.52976185,0.00186855427694,0.5351481499999999,0.0024579063417524,,,,,,False,
smote,3.0,"(0, 3, 1)","(20, 2, 1)",0.001,0.503670625,0.0009761508883281,0.6065456499999999,0.0065801618341774,0.55133935,0.0015962872793275,0.5354547249999999,0.0004603282087056,,,,,,False,
capped_smote,2.0,"(0, 1)","(100, 1)",0.001,0.49473255,0.0181975271449724,0.7216491,0.00568496052449,0.8045992500000001,0.0037314398907625,0.8245419,0.00317626077529,1.0,,,,,False,
capped_smote,2.0,"(0, 1)","(100, 1)",0.0005,0.51974275,0.0062637706733625,0.6699805999999999,0.01159203771284,0.7218649499999998,0.0170504720019724,0.7484336500000002,0.0105466473373024,1.0,,,,,False,
capped_smote,2.0,"(0, 1)","(100, 1)",0.0001,0.52285355,0.0110365757207225,0.5009022,0.00505623204611,0.55982265,0.0066589141763024,0.6201091999999999,0.0097467873317599,1.0,,,,,False,
capped_smote,2.0,"(0, 1)","(100, 1)",0.001,0.4573437499999999,0.0080044975208124,0.8107831000000001,0.00166148569714,0.8292586,0.0015237281180899,0.84524995,0.0018731426551224,5.0,,,,,False,
capped_smote,2.0,"(0, 1)","(100, 1)",0.0005,0.5211385000000001,0.0135658608010999,0.82081635,0.0008257154746025,0.8301656999999999,0.00074230473701,0.81786925,0.0019784989172125,5.0,,,,,False,
capped_smote,2.0,"(0, 1)","(100, 1)",0.0001,0.5292404,0.01358646398999,0.7399819000000001,0.0079796592604899,0.7617978,0.00816891291991,0.7776147000000001,0.00878078080846,5.0,,,,,False,
capped_smote,2.0,"(0, 1)","(100, 1)",0.001,0.4904628499999999,0.0102292364642524,0.8238332500000001,0.0018689008843125,0.8429208499999999,0.0015000347815025,0.85336975,0.0016353820284124,10.0,,,,,False,
capped_smote,2.0,"(0, 1)","(100, 1)",0.0005,0.49605905,0.0082413410881224,0.8312626999999997,0.00103650894756,0.84703635,0.0018626555275024,0.8584137000000001,0.00138403197706,10.0,,,,,False,
capped_smote,2.0,"(0, 1)","(100, 1)",0.0001,0.501442,0.01291041969345,0.76833065,0.0043197270906524,0.8130889,0.0022887997355399,0.8208643999999999,0.00147145665904,10.0,,,,,False,
normal,3.0,"(0, 3, 1)","(1, 1, 1)",0.0001,0.477905525,0.0060842481987917,0.5913377416666667,0.0049173504868978,0.6511683666666667,0.0025417049238433,0.6831416583333334,0.0013263362859547,,,,,,True,
normal,3.0,"(0, 3, 1)","(1, 1, 1)",0.001,0.4964335999999999,0.0034210783399413,0.7407451,0.0003324653710455,0.7858666833333334,0.0001092403153511,0.8135917416666667,6.161690348256987e-05,,,,,,True,
normal,3.0,"(0, 3, 1)","(1, 1, 1)",0.0005,0.498745875,0.0061786651522628,0.6992401166666667,0.0005394939593516,0.7279232166666667,0.0005834863543044,0.7545423916666666,0.0005164767015514,,,,,,True,
ratio,3.0,"(0, 3, 1)","(20, 2, 1)",0.0001,0.5084347833333334,0.006626885149535,0.4839550166666666,0.0039694156900358,0.5132652333333334,0.0027733159291469,0.5452942833333332,0.0024429159690391,,,,,,True,
ratio,3.0,"(0, 3, 1)","(20, 2, 1)",0.001,0.5207228,0.0051938102263961,0.6273214999999999,2.727303598333344e-05,0.6462850416666667,3.19074305878472e-05,0.6575716,3.7413270306666416e-05,,,,,,True,
ratio,3.0,"(0, 3, 1)","(20, 2, 1)",0.0005,0.5155906083333333,0.0053705659291806,0.6034254083333332,0.0001205849533659,0.6263224166666668,1.975918218888909e-05,0.6370962666666666,1.4283318683055492e-05,,,,,,True,
oversampled,3.0,"(0, 3, 1)","(20, 2, 1)",0.001,0.4501459083333333,0.0041282875367422,0.7379383833333334,0.0001824929857461,0.7935192583333334,7.873031686173604e-05,0.8210713166666667,4.197355225666649e-05,,,,,,True,
oversampled,3.0,"(0, 3, 1)","(20, 2, 1)",0.0005,0.496475925,0.0062363151609534,0.7126520583333334,0.000626783335432,0.7446003583333335,0.0006234663055334,0.7726212749999999,0.0005144928766,,,,,,True,
oversampled,3.0,"(0, 3, 1)","(20, 2, 1)",0.0001,0.5033478416666666,0.0028327447298381,0.636385925,0.0014317881685992,0.6831545083333334,0.0004576110090964,0.7016962,0.0002938898354405,,,,,,True,
smote,3.0,"(0, 3, 1)","(20, 2, 1)",0.0001,0.521081525,0.003531041517725,0.6227193750000001,0.0027601884106128,0.6658072916666666,0.0022982494699322,0.6852791666666666,0.0016867347008958,,,,,,True,
smote,3.0,"(0, 3, 1)","(20, 2, 1)",0.0005,0.4984609416666665,0.0017209528850097,0.7047526666666666,0.0004071737709638,0.7065744666666667,0.0001632861697919,0.7159433916666667,0.0001197341904375,,,,,,True,
smote,3.0,"(0, 3, 1)","(20, 2, 1)",0.001,0.5027773083333333,0.0030998828318181,0.6981288416666666,0.0001707946514367,0.7212447583333332,0.0002023448215103,0.7320439999999999,0.0001625097704458,,,,,,True,
triplet_loss_capped_smote,2.0,"(0, 1)","(100, 1)",0.005,0.54127945,0.0109234800785224,0.8273225499999999,4.3766270522500174e-05,0.8546718999999999,8.258372349000017e-05,0.85750555,0.0001266418011225,1.0,,,,,True,
triplet_loss_capped_smote,2.0,"(0, 1)","(100, 1)",0.001,0.5294089000000001,0.00892729115279,0.7506205999999999,0.0004086438403899,0.7748996,0.00021154955784,0.7946548499999999,0.0003298675035024,1.0,,,,,True,
triplet_loss_capped_smote,2.0,"(0, 1)","(100, 1)",0.01,0.56621375,0.0128114953914125,0.8347492499999998,0.0001800438854625,0.8584373000000001,8.244993301000023e-05,0.85624715,0.0007499438735024,1.0,,,,,True,
triplet_loss_capped_smote,2.0,"(0, 1)","(100, 1)",0.005,0.52179525,0.0099888212640625,0.82955185,0.0001364352570024,0.8496271500000001,0.0003095380683024,0.8492011000000002,0.00042182950569,5.0,,,,,True,
triplet_loss_capped_smote,2.0,"(0, 1)","(100, 1)",0.001,0.57906295,0.0201429433500224,0.76974305,0.0001026363560225,0.7896643,7.865026380999996e-05,0.8089130999999998,5.521714573999971e-05,5.0,,,,,True,
triplet_loss_capped_smote,2.0,"(0, 1)","(100, 1)",0.01,0.549557,0.0135336259639,0.8543949,0.00010450361949,0.85953915,0.0001408300853024,0.8540177,0.0010139163356099,5.0,,,,,True,
triplet_loss_capped_smote,2.0,"(0, 1)","(100, 1)",0.005,0.4797190500000001,0.0178260266219225,0.82895705,0.0002575326461224,0.8538339999999998,0.0001046275386,0.8506404999999999,0.00021613748245,10.0,,,,,True,
triplet_loss_capped_smote,2.0,"(0, 1)","(100, 1)",0.001,0.5005969499999999,0.0128024176573224,0.7625639,9.367497009000042e-05,0.7867322,8.86969247599995e-05,0.805583,7.804045699999951e-05,10.0,,,,,True,
triplet_loss_capped_smote,2.0,"(0, 1)","(100, 1)",0.01,0.4550056999999999,0.0113380709879599,0.8481021999999999,0.0003305176711599,0.8562624,0.00024583319024,0.8641245999999999,0.0002108144928399,10.0,,,,,True,
capped_smote,2.0,"(0, 1)","(100, 1)",0.001,0.37573705,0.0171863705986224,0.7658027500000001,0.0002042527146625,0.7751056000000001,0.0001353212138399,0.7913696000000001,0.0001244580844399,1.0,,,,,True,
capped_smote,2.0,"(0, 1)","(100, 1)",0.01,0.4747871,0.02346271214719,0.8400058499999998,0.0003186250272024,0.8417716499999999,0.0015360172629024,0.8599363499999999,0.0001536181413025,1.0,,,,,True,
capped_smote,2.0,"(0, 1)","(100, 1)",0.005,0.5250671,0.0134595215790899,0.8131921,0.0001535729748899,0.8470656999999999,0.00035223048281,0.8316025,0.00702561711825,1.0,,,,,True,
capped_smote,2.0,"(0, 1)","(100, 1)",0.001,0.39438525,0.0161707117607625,0.77649665,0.0002204688614025,0.79409645,0.0001849473048225,0.8180023000000001,0.00016428294761,5.0,,,,,True,
capped_smote,2.0,"(0, 1)","(100, 1)",0.01,0.49547905,0.0163092304013224,0.8498409,0.0002817118152899,0.8641304000000002,0.0002276643158399,0.83692825,0.0048513823877625,5.0,,,,,True,
capped_smote,2.0,"(0, 1)","(100, 1)",0.005,0.5061083500000001,0.0162778618434024,0.8273866,6.968401744000004e-05,0.8445079,9.876269169e-05,0.8591271500000002,0.0001139811351025,5.0,,,,,True,
capped_smote,2.0,"(0, 1)","(100, 1)",0.001,0.4965674000000001,0.0217928363818399,0.78193645,0.0003918682741225,0.8056367499999999,0.0001582034204625,0.82341,7.349101300000005e-05,10.0,,,,,True,
capped_smote,2.0,"(0, 1)","(100, 1)",0.01,0.45445335,0.0149422749674025,0.8338288500000001,0.0002830446685024,0.8567231000000002,0.00011754251749,0.8631649500000002,0.0001552437239224,10.0,,,,,True,
capped_smote,2.0,"(0, 1)","(100, 1)",0.005,0.58280365,0.0044410328304524,0.829417,0.0001291978011999,0.84953005,0.0001435690780224,0.8460571,0.0002707556978899,10.0,,,,,True,
capped_smote,3.0,"(0, 3, 1)","(20, 2, 1)",0.001,0.4780067,0.0040942566878252,0.6287301916666667,0.0001602271345709,0.6517391583333333,0.000156828038445,0.6642287416666667,0.0001711608264464,1.0,,,,,True,
capped_smote,3.0,"(0, 3, 1)","(20, 2, 1)",0.0005,0.4814760999999999,0.0039050487956886,0.6017525583333334,0.0005257325636709,0.6357313416666667,0.0003196247060367,0.6519786916666666,0.0005607649001014,1.0,,,,,True,
capped_smote,3.0,"(0, 3, 1)","(20, 2, 1)",0.0001,0.5069261583333333,0.0033950826039811,0.5399697999999999,0.0011611144126627,0.5733755166666666,0.0002050274239511,0.5903711583333333,0.0001167697808256,1.0,,,,,True,
capped_smote,3.0,"(0, 3, 1)","(20, 2, 1)",0.001,0.4878777083333333,0.0026612054461434,0.6967895416666667,0.0001309296507892,0.7195126416666667,9.617045941118006e-05,0.7315482583333334,0.0001160899096867,5.0,,,,,True,
capped_smote,3.0,"(0, 3, 1)","(20, 2, 1)",0.0005,0.5207694083333333,0.0034035017796242,0.7006353999999998,0.0001984101077844,0.7045292583333332,9.240266324090348e-05,0.7121035916666665,0.0001215107656034,5.0,,,,,True,
capped_smote,3.0,"(0, 3, 1)","(20, 2, 1)",0.0001,0.519728725,0.0032871366634931,0.6188370666666667,0.0014325897947774,0.6691847249999998,0.0003167748527486,0.6901569416666666,6.539724408756968e-05,5.0,,,,,True,
capped_smote,3.0,"(0, 3, 1)","(20, 2, 1)",0.001,0.498913375,0.003729501164135,0.6998342,0.0001433908745558,0.7186491333333332,0.0001690576275225,0.7290493083333333,4.091007596395778e-05,10.0,,,,,True,
capped_smote,3.0,"(0, 3, 1)","(20, 2, 1)",0.0005,0.5125760750000001,0.0053106251926978,0.6962272833333334,7.804901665861128e-05,0.7017954166666668,5.309899138333398e-05,0.7120988583333333,4.570860191395845e-05,10.0,,,,,True,
capped_smote,3.0,"(0, 3, 1)","(20, 2, 1)",0.0001,0.482182725,0.0060505549865847,0.6093699916666667,0.0025826351710992,0.6611093333333333,0.0009475678914416,0.6799080333333333,0.0002649428458766,10.0,,,,,True,
triplet_loss_capped_smote_average,2.0,"(0, 1)","(100, 1)",0.005,0.5100824,0.01943909723589,0.8320353,0.00016833722001,0.8383619999999998,0.0004696160887999,0.8509623000000002,0.00051886974406,1.0,,,,,True,
triplet_loss_capped_smote_average,2.0,"(0, 1)","(100, 1)",0.001,0.4321326,0.01556125064569,0.77767765,0.0001347289862024,0.7978466,7.899986604000041e-05,0.8120080999999999,6.640683609000005e-05,1.0,,,,,True,
triplet_loss_capped_smote_average,2.0,"(0, 1)","(100, 1)",0.01,0.5764495499999999,0.0125780978105724,0.8452689,0.0002082842774899,0.8617122,0.0001377431941599,0.8500025000000001,0.00085868532025,1.0,,,,,True,
triplet_loss_capped_smote_average,2.0,"(0, 1)","(100, 1)",0.005,0.5249944,0.0223085838147399,0.83233,9.19547812e-05,0.8480235,0.0004807607324499,0.8617341999999999,0.00015934567736,5.0,,,,,True,
triplet_loss_capped_smote_average,2.0,"(0, 1)","(100, 1)",0.001,0.52351835,0.0184708266848524,0.7768520999999999,0.00044297596429,0.80130015,0.0003869038676025,0.8186289999999999,0.0003050728677499,5.0,,,,,True,
triplet_loss_capped_smote_average,2.0,"(0, 1)","(100, 1)",0.01,0.4706314499999999,0.0152160310771224,0.8540325,0.0004385478314499,0.86492255,0.0001486254104225,0.85613505,0.0003849562761225,5.0,,,,,True,
triplet_loss_capped_smote_average,2.0,"(0, 1)","(100, 1)",0.005,0.4920801,0.0101676582499399,0.8352345,0.00014758598245,0.84982165,0.0002986850269025,0.8699489000000001,6.780034588999958e-05,10.0,,,,,True,
triplet_loss_capped_smote_average,2.0,"(0, 1)","(100, 1)",0.001,0.4746149,0.0251606762751399,0.7783209,0.0006275308480899,0.8014151,0.00020603693329,0.8204530000000002,0.0001017567163999,10.0,,,,,True,
triplet_loss_capped_smote_average,2.0,"(0, 1)","(100, 1)",0.01,0.55006895,0.0137816211357725,0.8441719500000001,8.478014852250001e-05,0.8568570999999998,0.0002677110066899,0.86785655,5.080228542249999e-05,10.0,,,,,True,
distance_capped_smote,3.0,"(0, 3, 1)","(20, 2, 1)",0.001,0.4999557583333333,0.0060523596846672,0.6786955,0.0001510406460902,0.7034251666666665,0.0001532306987416,0.7235798083333334,0.0001823769879542,1.0,,,,,True,
distance_capped_smote,3.0,"(0, 3, 1)","(20, 2, 1)",0.0005,0.4849115916666666,0.0049064193552464,0.6516811916666667,0.0002143711923792,0.677429125,0.0001382238548586,0.6924298500000001,0.0001519317076552,1.0,,,,,True,
distance_capped_smote,3.0,"(0, 3, 1)","(20, 2, 1)",0.0001,0.5542476083333333,0.0035022147446986,0.5453260166666667,0.0048680809095774,0.5738689666666668,0.00396951457111,0.6079947249999998,0.0016923185433375,1.0,,,,,True,
distance_capped_smote,3.0,"(0, 3, 1)","(20, 2, 1)",0.001,0.5112881666666667,0.0028692788218472,0.6932203166666667,9.042344138444407e-05,0.7253772083333334,0.0001305067480947,0.7485153666666666,9.397617392666677e-05,5.0,,,,,True,
distance_capped_smote,3.0,"(0, 3, 1)","(20, 2, 1)",0.0005,0.4926419083333332,0.0031741165706325,0.7016400916666667,0.0003929021699603,0.7100467583333334,0.0002100825791714,0.7254457750000001,0.0001300790683736,5.0,,,,,True,
distance_capped_smote,3.0,"(0, 3, 1)","(20, 2, 1)",0.0001,0.4919496833333333,0.0049178096033302,0.6105268166666666,0.0031699077093108,0.6652975000000001,0.0012584637193875,0.681921325,0.0004325508267075,5.0,,,,,True,
distance_capped_smote,3.0,"(0, 3, 1)","(20, 2, 1)",0.001,0.4797863666666667,0.0041977683730975,0.7054706583333333,0.0001727947521353,0.7248397499999999,0.0001142418398277,0.731982975,5.1161775872291294e-05,10.0,,,,,True,
distance_capped_smote,3.0,"(0, 3, 1)","(20, 2, 1)",0.0005,0.5128348416666666,0.0016375420446617,0.6962119,0.0002241784991622,0.7018901666666666,7.723630886666653e-05,0.7126389666666666,4.995759994611118e-05,10.0,,,,,True,
distance_capped_smote,3.0,"(0, 3, 1)","(20, 2, 1)",0.0001,0.5155652666666667,0.0030509338308524,0.6333748416666666,0.0017359131216506,0.6668760916666667,0.0009260429718103,0.6782212000000001,0.0003498279119016,10.0,,,,,True,
triplet_loss_capped_smote_pos_squared,2.0,"(0, 1)","(100, 1)",0.005,0.4312648,0.0163523110335099,0.7582487,0.0004638021041599,0.7956793,0.00045676412281,0.8171241000000002,0.00040084700009,1.0,,,,,True,
triplet_loss_capped_smote_pos_squared,2.0,"(0, 1)","(100, 1)",0.001,0.4621684499999999,0.0172017213608725,0.5721415999999999,0.0132878421804399,0.6622229999999999,0.002477394953,0.6986953,0.00037032138901,1.0,,,,,True,
triplet_loss_capped_smote_pos_squared,2.0,"(0, 1)","(100, 1)",0.01,0.44989605,0.0171661633675725,0.8146863,0.0001424435738099,0.8332358,0.00022040372916,0.8563562999999998,0.0001449952888099,1.0,,,,,True,
triplet_loss_capped_smote_pos_squared,2.0,"(0, 1)","(100, 1)",0.005,0.48868175,0.0148311553616624,0.7518513,0.0002259459962099,0.7919897,0.00010111942681,0.8118688000000001,0.00012926753996,5.0,,,,,True,
triplet_loss_capped_smote_pos_squared,2.0,"(0, 1)","(100, 1)",0.001,0.47004935,0.0102491361219025,0.6131514499999999,0.0024912809613224,0.6836538,0.0003803465729599,0.7098608499999999,0.0001367865339024,5.0,,,,,True,
triplet_loss_capped_smote_pos_squared,2.0,"(0, 1)","(100, 1)",0.01,0.5491771,0.0260973624327899,0.8162157500000001,0.0003563245579624,0.8449103499999999,0.0002604234530024,0.85331285,5.585923100250004e-05,5.0,,,,,True,
triplet_loss_capped_smote_pos_squared,2.0,"(0, 1)","(100, 1)",0.005,0.48019235,0.0162610056847025,0.76065225,0.0002982149458625,0.8073862,0.0001235250663599,0.8279071499999999,0.0001513723783024,10.0,,,,,True,
triplet_loss_capped_smote_pos_squared,2.0,"(0, 1)","(100, 1)",0.001,0.5270578,0.00646407523526,0.60948405,0.0023839002457224,0.6945051999999999,0.00024326847996,0.7212095,0.0001447012582499,10.0,,,,,True,
triplet_loss_capped_smote_pos_squared,2.0,"(0, 1)","(100, 1)",0.01,0.5051791999999999,0.01719178638051,0.8151593,6.543961695999987e-05,0.8432440999999999,0.00017618320969,0.8425068000000001,7.978426935999993e-05,10.0,,,,,True,
cosine_distance_capped_smote,3.0,"(0, 3, 1)","(20, 2, 1)",0.001,0.5000821333333334,0.0041427840906988,0.7052413833333333,4.266892844333332e-05,0.7247985166666666,5.222966240249992e-05,0.7321244833333334,1.807371766499985e-05,1.0,,,,,True,
cosine_distance_capped_smote,3.0,"(0, 3, 1)","(20, 2, 1)",0.0005,0.5022211166666667,0.0023267763462113,0.6945366583333333,0.0004547119478395,0.6978578499999999,0.0002027464007136,0.7115911333333333,0.0001882056221322,1.0,,,,,True,
cosine_distance_capped_smote,3.0,"(0, 3, 1)","(20, 2, 1)",0.0001,0.4764289416666666,0.0016245169487528,0.6256390416666667,0.001444271751817,0.67422475,0.0004952861743666,0.6890528166666666,0.0003835847128483,1.0,,,,,True,
cosine_distance_capped_smote,3.0,"(0, 3, 1)","(20, 2, 1)",0.001,0.5110168666666667,0.0016017364199391,0.7054333583333332,0.0002166837178111,0.7228734416666666,0.0001098571587639,0.7331511416666668,7.212052816256922e-05,5.0,,,,,True,
cosine_distance_capped_smote,3.0,"(0, 3, 1)","(20, 2, 1)",0.0005,0.5385664,0.0050186583509149,0.6940142666666667,0.0001235549207872,0.7064640083333333,0.0001454799490242,0.7187058166666667,0.0001350949857511,5.0,,,,,True,
cosine_distance_capped_smote,3.0,"(0, 3, 1)","(20, 2, 1)",0.0001,0.5242421166666669,0.0034590382544738,0.63409235,0.0021893893423427,0.6733819083333333,0.0006551460973784,0.6860287833333334,0.0001997561479669,5.0,,,,,True,
cosine_distance_capped_smote,3.0,"(0, 3, 1)","(20, 2, 1)",0.001,0.5121348166666666,0.0055375864454594,0.7052115416666667,0.0001324180200364,0.7260712416666666,0.0001491496046547,0.7342918083333332,0.0001529844837153,10.0,,,,,True,
cosine_distance_capped_smote,3.0,"(0, 3, 1)","(20, 2, 1)",0.0005,0.5069792916666667,0.0030875796204156,0.6960922916666668,0.0001509280012809,0.70559515,0.0001394549565386,0.717576975,8.169350319173656e-05,10.0,,,,,True,
cosine_distance_capped_smote,3.0,"(0, 3, 1)","(20, 2, 1)",0.0001,0.5687798833333334,0.003320860640053,0.66604865,0.0014215438615344,0.6876651416666666,0.0006415959596625,0.6950217333333334,0.0003253366885038,10.0,,,,,True,
smote,2.0,"(0, 1)","(100, 1)",0.05,0.49473255,0.0181975271449724,0.4997005,8.073022499999838e-07,0.5002838,7.248819600000036e-07,0.4971843999999999,7.134843023999979e-05,,,,,,False,
smote,2.0,"(0, 1)","(100, 1)",0.01,0.51974275,0.0062637706733625,0.5928017999999999,0.0210607750945099,0.6277788,0.02556125780401,0.6638735,0.0278812644926999,,,,,,False,
smote,2.0,"(0, 1)","(100, 1)",0.005,0.52285355,0.0110365757207225,0.7871055499999999,0.0102893410961725,0.7656010999999999,0.01067414650634,0.7599015,0.0151712038918999,,,,,,False,
smote,2.0,"(0, 1)","(100, 1)",0.001,0.4573437499999999,0.0080044975208124,0.7663292,0.01162587468281,0.8275653000000001,0.00184229752646,0.8150064499999999,0.0039293700847225,,,,,,False,
smote,2.0,"(0, 1)","(100, 1)",0.0001,0.5211385000000001,0.0135658608010999,0.751041,0.0084955386952499,0.7829992499999999,0.0095226780930624,0.7946519999999999,0.00979425908905,,,,,,False,
triplet_loss_capped_smote,3.0,"(0, 3, 1)","(20, 2, 1)",0.001,0.5368806499999998,0.007287061369908,0.693812475,0.000161022263375,0.7146280583333332,0.0001069352021736,0.730315375,0.0001083658502795,1.0,,,,,True,
triplet_loss_capped_smote,3.0,"(0, 3, 1)","(20, 2, 1)",0.0005,0.4977691416666666,0.0016067828689611,0.6793781749999999,8.960193176590263e-05,0.6948204833333335,0.0001186829370913,0.7055893000000001,0.0001507837421766,1.0,,,,,True,
triplet_loss_capped_smote,3.0,"(0, 3, 1)","(20, 2, 1)",0.0001,0.5121382416666667,0.0029709939874867,0.600461375,0.0023933604582309,0.6326914833333334,0.0013476446312552,0.6529374833333333,0.0006609834320163,1.0,,,,,True,
triplet_loss_capped_smote,3.0,"(0, 3, 1)","(20, 2, 1)",0.001,0.46543005,0.0078980605157197,0.6982264666666665,0.0001180821726697,0.7233168583333335,0.0001717183500097,0.7394139916666667,0.0001984888941506,5.0,,,,,True,
triplet_loss_capped_smote,3.0,"(0, 3, 1)","(20, 2, 1)",0.0005,0.4795181916666665,0.0047151160757459,0.679846275,0.0001583966764792,0.6925638166666667,0.0001202293210136,0.7057688833333334,0.0001479288690558,5.0,,,,,True,
triplet_loss_capped_smote,3.0,"(0, 3, 1)","(20, 2, 1)",0.0001,0.468709975,0.0021776286631334,0.621254925,0.0013857246163381,0.6750145916666666,0.0003852714674478,0.690257675,0.0003339042320867,5.0,,,,,True,
triplet_loss_capped_smote,3.0,"(0, 3, 1)","(20, 2, 1)",0.001,0.5252477583333334,0.0042388522952478,0.7001722166666666,0.0001277287982405,0.725407075,0.0001696719499047,0.7394414,0.000182578689283,10.0,,,,,True,
triplet_loss_capped_smote,3.0,"(0, 3, 1)","(20, 2, 1)",0.0005,0.4841340166666666,0.0045010833439983,0.6885052916666666,0.0002167190184795,0.6987596250000001,0.0001519298562295,0.7114814666666666,0.0001745497309975,10.0,,,,,True,
triplet_loss_capped_smote,3.0,"(0, 3, 1)","(20, 2, 1)",0.0001,0.5521974833333333,0.0022072263262788,0.6463101583333334,0.0005481253869964,0.6769865916666666,4.439204075895797e-05,0.6875260583333334,6.775093966395859e-05,10.0,,,,,True,
distance_capped_smote,2.0,"(0, 1)","(100, 1)",0.001,0.44444575,0.0154315429525624,0.8223972500000001,0.0009228766446125,0.8186916,0.0013172658072399,0.8017514,0.00493993649629,5.0,,,,,False,
distance_capped_smote,2.0,"(0, 1)","(100, 1)",0.005,0.52485625,0.0144808572527624,0.76722465,0.0098990802849525,0.7797509999999999,0.0106664631842499,0.77722285,0.0098177962404025,5.0,,,,,False,
distance_capped_smote,2.0,"(0, 1)","(100, 1)",0.0005,0.60186765,0.0103240282176025,0.72664785,0.0110246445735025,0.7608123,0.0029076420306599,0.7879857999999998,0.00310167197166,5.0,,,,,False,
distance_capped_smote,2.0,"(0, 1)","(100, 1)",0.0001,0.4639756500000001,0.0127507361644024,0.68814065,0.0141219676409524,0.76853345,0.0021854450428725,0.7920886500000001,0.0014175549858525,5.0,,,,,False,
normal,3.0,"(0, 3, 1)","(1, 1, 1)",0.0001,0.494282775,0.0035760905120403,0.5432690416666668,0.0043864914661239,0.5667804583333333,0.0072088374773461,0.5904107749999999,0.0093116080510778,,,,,,False,
normal,3.0,"(0, 3, 1)","(1, 1, 1)",0.001,0.5171672583333333,0.0026702353471631,0.6472657416666666,0.0123496315772311,0.7357088833333333,0.0107173600044627,0.76628115,0.0107419908121372,,,,,,False,
normal,3.0,"(0, 3, 1)","(1, 1, 1)",0.0005,0.4703773333333332,0.0027989406701458,0.5861315083333333,0.0094184058054534,0.6337677583333334,0.013080505832652,0.6815525333333333,0.0161130835523336,,,,,,False,
ratio,3.0,"(0, 3, 1)","(200, 20, 1)",0.0001,0.5060376583333334,0.0017986210803492,0.5737177333333333,0.0018689322808455,0.590587075,0.0021512561545603,0.623874275,0.0010908812072653,,,,,,False,
ratio,3.0,"(0, 3, 1)","(200, 20, 1)",0.001,0.4460348416666666,0.0046965655123353,0.6409431499999999,0.000107364811065,0.6553976083333334,8.622584317368034e-05,0.672793525,0.00041378181595,,,,,,False,
ratio,3.0,"(0, 3, 1)","(200, 20, 1)",0.0005,0.518381725,0.005730009618857,0.6103956833333333,0.0006519302646386,0.6410256333333333,0.0003687842077336,0.6539057583333333,0.0002914450701395,,,,,,False,
oversampled,3.0,"(0, 3, 1)","(200, 20, 1)",0.001,0.5098093333333333,0.0062976322348527,0.6700481583333333,0.0038824082641367,0.7003226916666667,0.0025567563155264,0.7273095999999999,0.0012478596373455,,,,,,False,
oversampled,3.0,"(0, 3, 1)","(200, 20, 1)",0.0005,0.4933209916666666,0.0024147731124825,0.6663045083333333,0.0050677094809436,0.7175438333333333,0.0022818606872125,0.726912175,0.0016819360346895,,,,,,False,
oversampled,3.0,"(0, 3, 1)","(200, 20, 1)",0.0001,0.5118251083333333,0.0026719044895695,0.619221775,0.0050157967363028,0.6679439333333335,0.0036359975435691,0.6933427166666667,0.002939714318478,,,,,,False,
smote,3.0,"(0, 3, 1)","(200, 20, 1)",0.0001,0.5138092000000001,0.002132977907403,0.603211025,0.0070680131026445,0.6377683666666667,0.0058104113405822,0.6439668583333333,0.0063532500861778,,,,,,False,
smote,3.0,"(0, 3, 1)","(200, 20, 1)",0.0005,0.4694169333333333,0.0060985588738886,0.6396116083333332,0.003539221843125,0.680362625,0.0021092388672503,0.6859410749999999,0.0014681642268534,,,,,,False,
smote,3.0,"(0, 3, 1)","(200, 20, 1)",0.001,0.4941099666666666,0.0032406260852947,0.6780295916666668,0.0027239023320561,0.6744344166666667,0.0025501333176541,0.6907764916666667,0.0041518431660075,,,,,,False,
capped_smote,2.0,"(0, 1)","(10, 1)",0.001,0.5031953,0.00741210695206,0.83731435,0.0127274755793025,0.85617915,0.0145322156599024,0.8461264000000002,0.01478774303164,1.0,,,,,False,
capped_smote,2.0,"(0, 1)","(10, 1)",0.0001,0.5123903,0.00797434526126,0.705728,0.0083346048079999,0.79052775,0.0077669876214625,0.83306395,0.0006677813965225,1.0,,,,,False,
capped_smote,2.0,"(0, 1)","(10, 1)",0.005,0.5236228,0.0055374918704099,0.7804341499999999,0.0204834913797525,0.79731035,0.0228625132011024,0.83854995,0.0133313136485224,1.0,,,,,False,
capped_smote,2.0,"(0, 1)","(10, 1)",0.001,0.4939738999999999,0.0115676912002399,0.81304005,0.0078876642098725,0.87616055,0.0005381521414225,0.8653010499999999,0.0011091199292224,5.0,,,,,False,
capped_smote,2.0,"(0, 1)","(10, 1)",0.0001,0.53330485,0.0109482539725024,0.7671735,0.00668053969405,0.8096254500000002,0.0009965360814724,0.83021675,0.0004487358659124,5.0,,,,,False,
capped_smote,2.0,"(0, 1)","(10, 1)",0.005,0.51442275,0.0058868345928624,0.82515325,0.0130455562308125,0.82578595,0.0136273074085725,0.8161886500000002,0.0135145564371025,5.0,,,,,False,
capped_smote,2.0,"(0, 1)","(10, 1)",0.001,0.4418103,0.0103828495234599,0.8167433,0.0034710698786099,0.8389978499999999,0.0031675114114024,0.84508585,0.0057648629079525,10.0,,,,,False,
capped_smote,2.0,"(0, 1)","(10, 1)",0.0001,0.4867783499999999,0.0096270281134525,0.7726985500000001,0.0019172239577724,0.8094732500000001,0.0007862652799125,0.8162481000000001,0.0009490407530899,10.0,,,,,False,
capped_smote,2.0,"(0, 1)","(10, 1)",0.005,0.49245505,0.0102792411614225,0.8599888,0.0003113664042599,0.8573033999999999,0.0029678865182899,0.8710647499999998,0.0010393250375124,10.0,,,,,False,
capped_smote,3.0,"(0, 3, 1)","(200, 20, 1)",0.001,0.5074186083333333,0.0056291582796097,0.6727576166666667,7.29852703933336e-05,0.6836432666666665,0.0005214477901511,0.7023747416666666,0.0002295041592172,1.0,,,,,False,
capped_smote,3.0,"(0, 3, 1)","(200, 20, 1)",0.0005,0.5058945583333333,0.0033850328327889,0.67229295,0.0002856547693461,0.6833907416666668,0.0002297520319353,0.6919018166666666,0.0001670188493469,1.0,,,,,False,
capped_smote,3.0,"(0, 3, 1)","(200, 20, 1)",0.0001,0.5034569,0.0034316810987233,0.5872975916666666,0.0024153896281242,0.6325691666666666,0.0009407010758583,0.6529282583333333,0.0003332702327464,1.0,,,,,False,
capped_smote,3.0,"(0, 3, 1)","(200, 20, 1)",0.001,0.5107748833333334,0.0039370827478072,0.59446325,0.0066784857913527,0.6425968583333332,0.0057323566787153,0.6456814916666667,0.00653107538492,5.0,,,,,False,
capped_smote,3.0,"(0, 3, 1)","(200, 20, 1)",0.0005,0.5173537083333334,0.0022526992240934,0.6359311083333334,0.0044765377285889,0.6938841583333332,0.0005489597358617,0.6992523416666667,0.0006338158390714,5.0,,,,,False,
capped_smote,3.0,"(0, 3, 1)","(200, 20, 1)",0.0001,0.4752682666666666,0.0036491741141844,0.5812931916666667,0.0036740473510209,0.6275144249999999,0.0023501035906478,0.6460231583333332,0.0027764268881784,5.0,,,,,False,
capped_smote,3.0,"(0, 3, 1)","(200, 20, 1)",0.001,0.4874747499999999,0.0029950247461652,0.6298919083333334,0.0062896654451964,0.67627435,0.0037923109600122,0.6783317666666666,0.003907020212358,10.0,,,,,False,
capped_smote,3.0,"(0, 3, 1)","(200, 20, 1)",0.0005,0.5231453083333333,0.0058596208231,0.6166474250000001,0.005674915752845,0.6678425000000001,0.001037340569418,0.6465253583333332,0.0035237023797139,10.0,,,,,False,
capped_smote,3.0,"(0, 3, 1)","(200, 20, 1)",0.0001,0.5004006583333334,0.0043541650395367,0.6138275583333332,0.0036345186368584,0.6471654583333333,0.0031444686956572,0.6666770666666666,0.00193550742399,10.0,,,,,False,
distance_capped_smote,3.0,"(0, 3, 1)","(200, 20, 1)",0.001,0.5114340166666667,0.0020921505139747,0.6581454083333332,0.0022392852184797,0.6627791416666666,0.0017482602106209,0.6753271916666668,0.0006883278604778,1.0,,,,,False,
distance_capped_smote,3.0,"(0, 3, 1)","(200, 20, 1)",0.0005,0.45691495,0.0028386302317697,0.59592865,0.0037556808618108,0.6378666833333334,0.0023222829244775,0.6431673333333332,0.0022468112275763,1.0,,,,,False,
distance_capped_smote,3.0,"(0, 3, 1)","(200, 20, 1)",0.0001,0.515782875,0.0025521411918503,0.62764935,0.0019829590120122,0.6479962,0.0025297498737988,0.6613433,0.0016453860869933,1.0,,,,,False,
distance_capped_smote,3.0,"(0, 3, 1)","(200, 20, 1)",0.001,0.4895805416666666,0.003779200803835,0.6248646583333334,0.0028823406658589,0.6222697499999998,0.0017123422166319,0.6443301833333333,0.0013163547528552,5.0,,,,,False,
distance_capped_smote,3.0,"(0, 3, 1)","(200, 20, 1)",0.0005,0.4774828166666666,0.0032497889435233,0.6187936166666665,0.0025670330284405,0.6381672083333332,0.0027841285161003,0.664804775,0.0006790309580834,5.0,,,,,False,
distance_capped_smote,3.0,"(0, 3, 1)","(200, 20, 1)",0.0001,0.5117901250000001,0.0032319985533822,0.5792651666666667,0.0016324257262222,0.6122306833333334,0.0004439571837886,0.6057758,0.0015207863190211,5.0,,,,,False,
distance_capped_smote,3.0,"(0, 3, 1)","(200, 20, 1)",0.001,0.4629609916666666,0.0019082223064422,0.6100139416666666,0.0027544948624722,0.6399996583333334,0.0008978640343978,0.6340224833333332,0.0029297491492663,10.0,,,,,False,
distance_capped_smote,3.0,"(0, 3, 1)","(200, 20, 1)",0.0005,0.471623825,0.0032281022349631,0.602375025,0.001343833406882,0.6372704249999999,0.0018992524104297,0.618881275,0.0019603903308861,10.0,,,,,False,
distance_capped_smote,3.0,"(0, 3, 1)","(200, 20, 1)",0.0001,0.500481625,0.003414226224967,0.6072900583333333,0.001403928877082,0.6135694333333334,0.0021070331995913,0.6297357333333332,0.0018985883011427,10.0,,,,,False,
cosine_distance_capped_smote,3.0,"(0, 3, 1)","(200, 20, 1)",0.001,0.4844348833333333,0.0042033586334808,0.6525058416666666,0.0010553556739909,0.6838582416666666,0.0024905217240006,0.7146568166666666,0.0016994896297594,1.0,,,,,False,
cosine_distance_capped_smote,3.0,"(0, 3, 1)","(200, 20, 1)",0.0005,0.4664768500000001,0.0027772994033025,0.6422793166666667,0.002086289643358,0.6706872083333332,0.0003636294273197,0.6689108833333333,0.0018334513915891,1.0,,,,,False,
cosine_distance_capped_smote,3.0,"(0, 3, 1)","(200, 20, 1)",0.0001,0.48439535,0.0007474858444788,0.6111307833333334,0.0005586526254002,0.6267739333333334,0.0004850342910205,0.631847775,0.0015965652626847,1.0,,,,,False,
cosine_distance_capped_smote,3.0,"(0, 3, 1)","(200, 20, 1)",0.001,0.5179552916666668,0.0011004114626531,0.6190523833333333,0.005104343141653,0.6466169333333334,0.0035487241627511,0.6827895666666667,0.0035823878498733,5.0,,,,,False,
cosine_distance_capped_smote,3.0,"(0, 3, 1)","(200, 20, 1)",0.0005,0.5244422999999999,0.0037783123963947,0.6068485333333333,0.0041424009869391,0.6306464583333333,0.0020018035081864,0.6343599083333333,0.0027821255341464,5.0,,,,,False,
cosine_distance_capped_smote,3.0,"(0, 3, 1)","(200, 20, 1)",0.0001,0.4874796333333333,0.0035255676627197,0.6047402500000001,0.0032017699976597,0.6234150916666666,0.0027286897163534,0.639791075,0.00158248273927,5.0,,,,,False,
cosine_distance_capped_smote,3.0,"(0, 3, 1)","(200, 20, 1)",0.001,0.5083758083333333,0.0024374056993875,0.632217425,0.0029758314409284,0.66131655,0.0015664061309391,0.6807750416666666,0.0011836032693684,10.0,,,,,False,
cosine_distance_capped_smote,3.0,"(0, 3, 1)","(200, 20, 1)",0.0005,0.5155923916666667,0.0045386763602611,0.6404337,0.0020904449133905,0.6585162,0.0009280331694391,0.6577083416666667,0.001692189861227,10.0,,,,,False,
cosine_distance_capped_smote,3.0,"(0, 3, 1)","(200, 20, 1)",0.0001,0.501907275,0.0039373839537042,0.5874947166666666,0.00225463909696,0.6267741416666668,0.0024398690516736,0.630799425,0.0023013060926117,10.0,,,,,False,
normal,3.0,"(0, 3, 1)","(1, 1, 1)",0.01,0.4866959999999999,0.0023583786155708,0.87182245,0.0001174216489572,0.9083070083333334,3.471673319923575e-05,0.9186448833333334,0.0001089959081183,,,,,,True,
normal,3.0,"(0, 3, 1)","(1, 1, 1)",0.005,0.5012378749999999,0.0041051467604559,0.8413858833333332,3.83874798086111e-05,0.879149175,0.0001324841447145,0.8998910583333334,6.157313225840273e-05,,,,,,True,
ratio,3.0,"(0, 3, 1)","(200, 20, 1)",0.01,0.5270666499999999,0.0058560093303886,0.6652466083333335,1.6563112193124986e-05,0.68244925,5.019746018611133e-05,0.6921204416666666,5.9006488211180674e-05,,,,,,True,
ratio,3.0,"(0, 3, 1)","(200, 20, 1)",0.001,0.4657341083333334,0.0058779216474722,0.6172799750000001,8.686703290145865e-05,0.6303999333333334,4.488632552333372e-05,0.6380740833333334,3.047237625694424e-05,,,,,,True,
ratio,3.0,"(0, 3, 1)","(200, 20, 1)",0.005,0.512417675,0.0065716091649047,0.646363075,3.122408779229192e-05,0.6645731333333333,1.4174724222500108e-05,0.6755197749999999,1.3234634791735994e-05,,,,,,True,
oversampled,3.0,"(0, 3, 1)","(200, 20, 1)",0.01,0.5398709666666666,0.0017767716118058,0.7813777416666667,0.0003358630460145,0.7795292916666667,0.000408670040385,0.784363825,0.000341665480502,,,,,,True,
oversampled,3.0,"(0, 3, 1)","(200, 20, 1)",0.001,0.4996050333333333,0.0044507580667808,0.7355955166666666,0.0003084793522983,0.781980375,0.0001266788808475,0.8087224666666666,0.0002072492203419,,,,,,True,
oversampled,3.0,"(0, 3, 1)","(200, 20, 1)",0.005,0.4949556583333333,0.0054459446825409,0.8102202916666666,0.0003038111339378,0.7852616833333332,0.0001136766978136,0.7849303833333334,0.0001966625471405,,,,,,True,
smote,3.0,"(0, 3, 1)","(200, 20, 1)",0.01,0.4909607166666666,0.0056795411957197,0.7498381666666667,0.0002967850407694,0.7603470750000001,0.0003518187014547,0.7769197583333333,0.0002169538837839,,,,,,True,
smote,3.0,"(0, 3, 1)","(200, 20, 1)",0.001,0.4891633833333333,0.0033704144305794,0.6967315166666668,0.0001150192833288,0.7169949166666666,0.0001384311581652,0.7247793583333333,7.350108369312528e-05,,,,,,True,
smote,3.0,"(0, 3, 1)","(200, 20, 1)",0.005,0.4992911833333333,0.0051945839616788,0.7307443916666667,8.538840710423536e-05,0.7493885250000001,0.0001407207086722,0.7628807166666667,0.0001249836280724,,,,,,True,
triplet_loss_capped_smote,2.0,"(0, 1)","(10, 1)",0.005,0.496702,0.02079444929345,0.8617037999999999,0.0002227144457599,0.8940539500000002,0.0001023109657224,0.9034795,5.816996944999988e-05,1.0,,,,,True,margin=0.5
triplet_loss_capped_smote,2.0,"(0, 1)","(10, 1)",0.001,0.5327753999999999,0.0066587879611899,0.7671241,0.0002834334481399,0.7846831999999999,0.00029084233636,0.8229583,0.0002521199048099,1.0,,,,,True,margin=0.5
triplet_loss_capped_smote,2.0,"(0, 1)","(10, 1)",0.01,0.5784393,0.0117205693219099,0.8883010500000001,0.0001188520278225,0.8502000000000001,0.0106686139886,0.91121965,0.0001773495509024,1.0,,,,,True,margin=0.5
triplet_loss_capped_smote,2.0,"(0, 1)","(10, 1)",0.005,0.4709485499999999,0.0137032259901724,0.8603593,0.0001739617088099,0.8862504,0.00021969928844,0.9013523,0.0001062248994099,5.0,,,,,True,margin=0.5
triplet_loss_capped_smote,2.0,"(0, 1)","(10, 1)",0.001,0.4754537,0.0202191130078599,0.7721955500000001,0.0001491216882225,0.7966301,0.00020128839894,0.8270139999999999,0.0001501748094,5.0,,,,,True,margin=0.5
triplet_loss_capped_smote,2.0,"(0, 1)","(10, 1)",0.01,0.4736521999999999,0.02529335362436,0.8825457999999999,0.0005011540500099,0.9001471999999999,0.00021104781056,0.911104,0.0002120079828,5.0,,,,,True,margin=0.5
triplet_loss_capped_smote,2.0,"(0, 1)","(10, 1)",0.005,0.4809152999999999,0.01492822471161,0.8691176,0.0003258860449899,0.891118,2.561348659999992e-05,0.9034651,6.041430148999977e-05,10.0,,,,,True,margin=0.5
triplet_loss_capped_smote,2.0,"(0, 1)","(10, 1)",0.001,0.48373805,0.0078177056458225,0.77394515,0.0005009673647024,0.80207,0.0002331496118,0.83092125,9.442399256249938e-05,10.0,,,,,True,margin=0.5
triplet_loss_capped_smote,2.0,"(0, 1)","(10, 1)",0.01,0.5224517499999999,0.0251583395603125,0.88144635,0.0003325276382025,0.9084877,5.574416520999998e-05,0.91552535,4.47453425024994e-05,10.0,,,,,True,margin=0.5
capped_smote,3.0,"(0, 3, 1)","(200, 20, 1)",0.01,0.507028475,0.0055505502333042,0.6883744416666667,0.0007813762927709,0.7008225166666667,0.0005489203807511,0.7147971916666667,0.0010846707999792,1.0,,,,,True,
capped_smote,3.0,"(0, 3, 1)","(200, 20, 1)",0.001,0.4801020750000001,0.0040245759886089,0.6325640333333333,0.0007813134463016,0.656717975,0.0012379466200917,0.6682541083333333,0.0016138611797778,1.0,,,,,True,
capped_smote,3.0,"(0, 3, 1)","(200, 20, 1)",0.005,0.4673024999999999,0.0019253589443708,0.6581931416666668,0.0004001106393542,0.673894225,0.0002918169134722,0.6821349916666667,0.0001776262204992,1.0,,,,,True,
capped_smote,3.0,"(0, 3, 1)","(200, 20, 1)",0.01,0.4801759833333333,0.0046920251426969,0.7475235999999998,0.0004790775363775,0.7720993083333332,0.0002686783432514,0.7860794416666667,0.0001992599275014,5.0,,,,,True,
capped_smote,3.0,"(0, 3, 1)","(200, 20, 1)",0.001,0.4904566416666666,0.0041226773691917,0.6995883249999999,0.0001052050865075,0.71880685,3.252469483722244e-05,0.7294666416666666,3.6434124062569385e-05,5.0,,,,,True,
capped_smote,3.0,"(0, 3, 1)","(200, 20, 1)",0.005,0.5037914916666667,0.0021233468757353,0.7354207833333335,0.0004703117509461,0.7529644,0.0001782869571969,0.7671035166666667,9.118455736916649e-05,5.0,,,,,True,
capped_smote,3.0,"(0, 3, 1)","(200, 20, 1)",0.01,0.4680840416666667,0.0021841574194295,0.7448027666666666,0.0007383391036969,0.7728331749999999,0.000280700842777,0.782601925,0.0003116596469659,10.0,,,,,True,
capped_smote,3.0,"(0, 3, 1)","(200, 20, 1)",0.001,0.5030481166666666,0.0043457255034072,0.700294675,9.148313168812508e-05,0.7185001583333332,0.0001268413173672,0.723713325,0.0001320001018186,10.0,,,,,True,
capped_smote,3.0,"(0, 3, 1)","(200, 20, 1)",0.005,0.5187944499999999,0.003095809147853,0.7295333499999999,4.683173186777771e-05,0.7580431,0.0002024407645997,0.7700049583333334,0.0002994984176447,10.0,,,,,True,
distance_capped_smote,3.0,"(0, 3, 1)","(200, 20, 1)",0.01,0.4907518,0.0016569387512752,0.7389765416666666,0.0001900326219322,0.7494011166666666,4.250724220027743e-05,0.7556930583333333,6.120316620701434e-05,1.0,,,,,True,
distance_capped_smote,3.0,"(0, 3, 1)","(200, 20, 1)",0.001,0.520495075,0.0014949891056506,0.702912325,0.000132165316745,0.7299823750000001,7.609654498368012e-05,0.7436467916666666,4.400255806423629e-05,1.0,,,,,True,
distance_capped_smote,3.0,"(0, 3, 1)","(200, 20, 1)",0.005,0.5313034166666666,0.0068369955810972,0.7423093916666667,0.0001796727154847,0.7367689083333333,1.354414405756914e-05,0.7398507583333334,0.0001372490561103,1.0,,,,,True,
distance_capped_smote,3.0,"(0, 3, 1)","(200, 20, 1)",0.01,0.5027254166666667,0.0080546285011597,0.7705001333333333,0.0004059115129433,0.773850075,0.0005441768836367,0.7872533083333334,0.0005268431168917,5.0,,,,,True,
distance_capped_smote,3.0,"(0, 3, 1)","(200, 20, 1)",0.001,0.5084144583333334,0.004931703042892,0.6985574416666667,3.806696193062544e-05,0.7298302833333334,6.810911244055561e-05,0.7442011749999999,6.59123590714582e-05,5.0,,,,,True,
distance_capped_smote,3.0,"(0, 3, 1)","(200, 20, 1)",0.005,0.4871886166666666,0.003663513749928,0.7562355916666667,0.0002105198788686,0.767072825,6.943509721034767e-05,0.7698384333333332,9.601010035249924e-05,5.0,,,,,True,
distance_capped_smote,3.0,"(0, 3, 1)","(200, 20, 1)",0.01,0.4678634916666667,0.0041937813114936,0.7565912499999999,0.0001883729988166,0.7746413583333334,0.0002161624324528,0.7837495416666667,0.0001059322226947,10.0,,,,,True,
distance_capped_smote,3.0,"(0, 3, 1)","(200, 20, 1)",0.001,0.4895553916666667,0.0023628100871486,0.7022353583333334,0.000140267301107,0.7254455833333334,0.0001249196538291,0.7345127499999999,0.0001274787752236,10.0,,,,,True,
distance_capped_smote,3.0,"(0, 3, 1)","(200, 20, 1)",0.005,0.4638153666666668,0.0038139522488405,0.7384942833333332,0.0001763950521044,0.7633576833333333,0.0002795107722566,0.7648550916666668,0.0003238032569186,10.0,,,,,True,
triplet_loss_capped_smote,2.0,"(0, 1)","(100, 1)",0.005,0.4300685999999999,0.01231722399949,0.8643233,0.0001760438220599,0.8885514000000001,9.149201704000004e-05,0.8985879999999999,3.902940800000006e-05,1.0,,,,,True,margin=0.5
triplet_loss_capped_smote,2.0,"(0, 1)","(100, 1)",0.001,0.5783166999999999,0.02167806450636,0.7627445500000001,0.0001832855043725,0.79298495,9.09217662224994e-05,0.8201705,0.00015000489065,1.0,,,,,True,margin=0.5
triplet_loss_capped_smote,2.0,"(0, 1)","(100, 1)",0.01,0.51710215,0.0193291531622025,0.8634131999999999,0.0020786623431599,0.8747897,0.00056481026801,0.8728011,0.00062362563729,1.0,,,,,True,margin=0.5
triplet_loss_capped_smote,2.0,"(0, 1)","(100, 1)",0.005,0.4957388,0.00994453740906,0.8657378,5.792381356000024e-05,0.8971517999999999,6.897549335999962e-05,0.8916451000000001,0.0004070058048899,5.0,,,,,True,margin=0.5
triplet_loss_capped_smote,2.0,"(0, 1)","(100, 1)",0.001,0.42912965,0.0123756582930525,0.7821652,0.00037867756446,0.8100778,0.0001165841605599,0.8356495500000001,0.0002284451647224,5.0,,,,,True,margin=0.5
triplet_loss_capped_smote,2.0,"(0, 1)","(100, 1)",0.01,0.5229790999999999,0.0098495578619399,0.88817065,8.468881150249991e-05,0.8922955000000001,0.00017405375645,0.887679,9.48885083999994e-05,5.0,,,,,True,margin=0.5
triplet_loss_capped_smote,2.0,"(0, 1)","(100, 1)",0.005,0.42748115,0.0159172853931525,0.8641905000000001,0.0001372840730499,0.8898488,0.00012371188816,0.88280885,0.0010260679855024,10.0,,,,,True,margin=0.5
triplet_loss_capped_smote,2.0,"(0, 1)","(100, 1)",0.001,0.50402385,0.0076084782174024,0.7856774999999999,0.0001342705975999,0.8079732500000001,0.0001261217338625,0.8353987,0.0001364434288099,10.0,,,,,True,margin=0.5
triplet_loss_capped_smote,2.0,"(0, 1)","(100, 1)",0.01,0.4432412999999999,0.0226663052005599,0.8654072000000003,0.00241257267756,0.8676535,0.00550406893685,0.8876499499999999,0.0003709024167225,10.0,,,,,True,margin=0.5
cosine_distance_capped_smote,3.0,"(0, 3, 1)","(200, 20, 1)",0.01,0.4591371166666667,0.0059535975088016,0.7582520166666666,0.0003142893725358,0.7764899749999999,0.0002227969973625,0.7937105083333333,0.0001856483329881,1.0,,,,,True,
cosine_distance_capped_smote,3.0,"(0, 3, 1)","(200, 20, 1)",0.001,0.5088855166666667,0.0053405243321677,0.701984975,0.0001153501866917,0.7220291666666666,6.195161896250061e-05,0.728781425,3.058712175201377e-05,1.0,,,,,True,
cosine_distance_capped_smote,3.0,"(0, 3, 1)","(200, 20, 1)",0.005,0.5036901666666667,0.0028566463680041,0.7279126833333334,0.0002992594824552,0.7562912749999999,0.0001815152384681,0.771552125,0.0001948329910364,1.0,,,,,True,
cosine_distance_capped_smote,3.0,"(0, 3, 1)","(200, 20, 1)",0.01,0.4614060083333334,0.0055633009941839,0.7581713166666667,0.0002478975763636,0.7790715833333333,0.000156787081168,0.7902933916666667,0.0003268376827459,5.0,,,,,True,
cosine_distance_capped_smote,3.0,"(0, 3, 1)","(200, 20, 1)",0.001,0.5455791666666666,0.0024371105269472,0.7033854166666667,5.2347625627778e-05,0.7208780166666668,7.801890974833345e-05,0.7264482333333333,5.7948991446944645e-05,5.0,,,,,True,
cosine_distance_capped_smote,3.0,"(0, 3, 1)","(200, 20, 1)",0.005,0.5128365500000001,0.0040830064120988,0.7386355083333334,7.088034587284703e-05,0.7631305916666667,0.0001676221813561,0.7742812499999999,0.0001497039930569,5.0,,,,,True,
cosine_distance_capped_smote,3.0,"(0, 3, 1)","(200, 20, 1)",0.01,0.4803176499999999,0.0040188151238955,0.7533687916666667,0.0002634145390697,0.7683176083333334,0.0001540365394709,0.7936665166666668,0.0002895273923247,10.0,,,,,True,
cosine_distance_capped_smote,3.0,"(0, 3, 1)","(200, 20, 1)",0.001,0.4719467416666666,0.0030628643025367,0.7082875583333333,0.0001405647317847,0.7290216916666667,7.831205259590164e-05,0.733641875,6.530355852256975e-05,10.0,,,,,True,
cosine_distance_capped_smote,3.0,"(0, 3, 1)","(200, 20, 1)",0.005,0.5166271166666666,0.0064059153760322,0.7362773333333333,0.0001068111080777,0.7598834583333333,8.347758637673639e-05,0.7668620083333334,0.0002377667211284,10.0,,,,,True,
triplet_loss_capped_smote,3.0,"(0, 3, 1)","(200, 20, 1)",0.001,0.5130003249999999,0.0027565425040367,0.61343365,0.0037013988714163,0.6272555083333333,0.0020318732648103,0.6441147916666666,0.001220960315017,1.0,,,,,False,
triplet_loss_capped_smote,3.0,"(0, 3, 1)","(200, 20, 1)",0.0005,0.4929569583333333,0.0021097630661295,0.6036954583333334,0.0030777847824406,0.6055994333333332,0.0032788346494913,0.6212569166666667,0.0034317280386763,1.0,,,,,False,
triplet_loss_capped_smote,3.0,"(0, 3, 1)","(200, 20, 1)",0.0001,0.48925235,0.0044684389163177,0.5338316416666667,0.001390042767657,0.5630164333333333,0.0022933689806025,0.5757172749999999,0.0021663219209014,1.0,,,,,False,
triplet_loss_capped_smote,3.0,"(0, 3, 1)","(200, 20, 1)",0.001,0.4938284416666667,0.0027812459809792,0.625051175,0.0047979014687464,0.6562255583333334,0.0015973234771,0.6688515666666666,0.0005321212747552,5.0,,,,,False,
triplet_loss_capped_smote,3.0,"(0, 3, 1)","(200, 20, 1)",0.0005,0.48807305,0.0044738024979044,0.6136299083333334,0.0029181081256089,0.6127284583333334,0.00436620263316,0.6540444416666666,0.00200226246595,5.0,,,,,False,
triplet_loss_capped_smote,3.0,"(0, 3, 1)","(200, 20, 1)",0.0001,0.5067579333333334,0.0036547775156525,0.5385271916666667,0.0020482682926695,0.5629043666666667,0.0028832727947863,0.587369875,0.002950013068517,5.0,,,,,False,
triplet_loss_capped_smote,3.0,"(0, 3, 1)","(200, 20, 1)",0.001,0.5257728666666667,0.0021939027837711,0.6148819833333333,0.002615182634283,0.6394471499999999,0.0016135125326469,0.6549034333333333,0.0015396001681413,10.0,,,,,False,
triplet_loss_capped_smote,3.0,"(0, 3, 1)","(200, 20, 1)",0.0005,0.5170922333333333,0.0022960814431136,0.6221762666666667,0.0043152040062802,0.6321802416666665,0.003240058340752,0.658981475,0.0017275811771389,10.0,,,,,False,
triplet_loss_capped_smote,3.0,"(0, 3, 1)","(200, 20, 1)",0.0001,0.4596121583333333,0.003224753853502,0.5710683083333333,0.0024360609397556,0.600262625,0.0024158731404225,0.6238473583333334,0.0018631430214959,10.0,,,,,False,
triplet_loss_capped_smote,3.0,"(0, 3, 1)","(200, 20, 1)",0.01,0.4754128999999999,0.0039368573745163,0.738786275,2.9454631204235807e-05,0.7720920666666667,0.0001504134797844,0.7836062083333333,0.0002222709462947,5.0,,,,,True,
triplet_loss_capped_smote,3.0,"(0, 3, 1)","(200, 20, 1)",0.005,0.514141175,0.0073774106060659,0.7222176083333333,3.015033848201412e-05,0.7319921083333333,0.0005356732968556,0.7536590750000001,0.000164298353495,5.0,,,,,True,
distance_capped_smote_avg,2.0,"(0, 1)","(100, 1)",0.001,0.45591475,0.0058532160323125,0.5266238499999999,0.0025920276935024,0.5944502,0.01106164161811,0.6354228499999999,0.0063760525788024,10.0,,,,,False,
distance_capped_smote_avg,2.0,"(0, 1)","(100, 1)",0.005,0.5091036,0.01525152250539,0.59083065,0.0080238420980025,0.5744261500000001,0.0150472239019525,0.7041359500000001,0.0080350048828225,10.0,,,,,False,
distance_capped_smote_avg,2.0,"(0, 1)","(100, 1)",0.0005,0.4674061500000001,0.0125129594628525,0.53014885,0.0054769808546524,0.54447035,0.0224951693057024,0.6166753,0.0025704556942099,10.0,,,,,False,
distance_capped_smote_avg,2.0,"(0, 1)","(100, 1)",0.0001,0.5201376499999999,0.0061592404190024,0.5377221500000001,0.0184664410211525,0.5009455,0.02028207129405,0.514302,0.0153673424678,10.0,,,,,False,
distance_capped_smote_avg,2.0,"(0, 1)","(100, 1)",0.001,0.4698117999999999,0.00557558659426,0.6454343,0.0122333328915099,0.62124935,0.0028493426519524,0.6723723500000001,0.0016616986833024,10.0,,,,,False,
distance_capped_smote_avg,2.0,"(0, 1)","(100, 1)",0.005,0.5329941,0.0102030025025399,0.6980275,0.0185044106247,0.6208627000000001,0.02397155070676,0.6874338000000001,0.00587948745576,10.0,,,,,False,
distance_capped_smote_avg,2.0,"(0, 1)","(100, 1)",0.0005,0.5338798,0.00751239649281,0.6068082,0.01486224192996,0.5953564499999999,0.0093046745225225,0.6350182499999999,0.0053607271440124,10.0,,,,,False,
distance_capped_smote_avg,2.0,"(0, 1)","(100, 1)",0.0001,0.44143685,0.0086352925940025,0.5929333000000001,0.0105902191893599,0.59985315,0.0090930808017025,0.6022976999999999,0.0102471673552099,10.0,,,,,False,
distance_capped_smote_avg,2.0,"(0, 1)","(100, 1)",0.001,0.4946077499999999,0.0102929685624625,0.72264585,0.0105608295222524,0.7736045,0.0087153499252499,0.781549,0.00590326736005,10.0,,,,,False,
distance_capped_smote_avg,2.0,"(0, 1)","(100, 1)",0.005,0.5037647000000001,0.01467533885061,0.6813146999999999,0.01839365189721,0.6902562999999999,0.01259789002426,0.7069424,0.0146698425032399,10.0,,,,,False,
distance_capped_smote_avg,2.0,"(0, 1)","(100, 1)",0.0005,0.57758235,0.0100245792773025,0.6546361,0.00360114822114,0.6414456499999999,0.0035228504253024,0.6848883499999998,0.0040512218882025,10.0,,,,,False,
distance_capped_smote_avg,2.0,"(0, 1)","(100, 1)",0.0001,0.5394758000000001,0.00674309610756,0.59686785,0.0057463788925025,0.5949455,0.00312901638885,0.60568175,0.0036073515660624,10.0,,,,,False,
distance_capped_smote_avg,2.0,"(0, 1)","(100, 1)",0.001,0.45591475,0.0058532160323125,0.5266238499999999,0.0025920276935024,0.5944502,0.01106164161811,0.6354228499999999,0.0063760525788024,10.0,,,,,False,
distance_capped_smote_avg,2.0,"(0, 1)","(100, 1)",0.005,0.5091036,0.01525152250539,0.59083065,0.0080238420980025,0.5744261500000001,0.0150472239019525,0.7041359500000001,0.0080350048828225,10.0,,,,,False,
distance_capped_smote_avg,2.0,"(0, 1)","(100, 1)",0.0005,0.4674061500000001,0.0125129594628525,0.53014885,0.0054769808546524,0.54447035,0.0224951693057024,0.6166753,0.0025704556942099,10.0,,,,,False,
distance_capped_smote_avg,2.0,"(0, 1)","(100, 1)",0.0001,0.5201376499999999,0.0061592404190024,0.5377221500000001,0.0184664410211525,0.5009455,0.02028207129405,0.514302,0.0153673424678,10.0,,,,,False,
distance_capped_smote_avg,2.0,"(0, 1)","(100, 1)",0.001,0.4698117999999999,0.00557558659426,0.6454343,0.0122333328915099,0.62124935,0.0028493426519524,0.6723723500000001,0.0016616986833024,10.0,,,,,False,
distance_capped_smote_avg,2.0,"(0, 1)","(100, 1)",0.005,0.5329941,0.0102030025025399,0.6980275,0.0185044106247,0.6208627000000001,0.02397155070676,0.6874338000000001,0.00587948745576,10.0,,,,,False,
distance_capped_smote_avg,2.0,"(0, 1)","(100, 1)",0.0005,0.5338798,0.00751239649281,0.6068082,0.01486224192996,0.5953564499999999,0.0093046745225225,0.6350182499999999,0.0053607271440124,10.0,,,,,False,
distance_capped_smote_avg,2.0,"(0, 1)","(100, 1)",0.0001,0.44143685,0.0086352925940025,0.5929333000000001,0.0105902191893599,0.59985315,0.0090930808017025,0.6022976999999999,0.0102471673552099,10.0,,,,,False,
distance_capped_smote_avg,2.0,"(0, 1)","(100, 1)",0.001,0.4946077499999999,0.0102929685624625,0.72264585,0.0105608295222524,0.7736045,0.0087153499252499,0.781549,0.00590326736005,10.0,,,,,False,
distance_capped_smote_avg,2.0,"(0, 1)","(100, 1)",0.005,0.5037647000000001,0.01467533885061,0.6813146999999999,0.01839365189721,0.6902562999999999,0.01259789002426,0.7069424,0.0146698425032399,10.0,,,,,False,
distance_capped_smote_avg,2.0,"(0, 1)","(100, 1)",0.0005,0.57758235,0.0100245792773025,0.6546361,0.00360114822114,0.6414456499999999,0.0035228504253024,0.6848883499999998,0.0040512218882025,10.0,,,,,False,
distance_capped_smote_avg,2.0,"(0, 1)","(100, 1)",0.0001,0.5394758000000001,0.00674309610756,0.59686785,0.0057463788925025,0.5949455,0.00312901638885,0.60568175,0.0036073515660624,10.0,,,,,False,
triplet_loss_capped_smote,3.0,"(0, 3, 1)","(200, 20, 1)",0.01,0.4756841166666666,0.002788808488928,0.7525231083333332,0.0001545257490375,0.7779677083333334,0.0001039636745989,0.7827736333333333,0.0002391666557725,1.0,,,,,True,
triplet_loss_capped_smote,3.0,"(0, 3, 1)","(200, 20, 1)",0.005,0.4968561333333333,0.0048079868020961,0.7306161583333334,8.29583932686808e-05,0.7502097333333333,0.0002563570287205,0.7671849416666665,6.804350669451364e-05,1.0,,,,,True,
triplet_loss_capped_smote,3.0,"(0, 3, 1)","(200, 20, 1)",0.01,0.5087635333333334,0.0039546500597599,0.7562000916666667,0.0001180084459978,0.7721860999999999,7.548728835944405e-05,0.7812295083333334,0.0002439669857728,10.0,,,,,True,
triplet_loss_capped_smote,3.0,"(0, 3, 1)","(200, 20, 1)",0.005,0.4955095166666666,0.0037230852285038,0.7398715583333333,0.0001632593738375,0.7521601666666667,0.0001195568768166,0.760082425,0.0003779990120617,10.0,,,,,True,
cosine_distance_capped_smote_avg,2.0,"(0, 1)","(100, 1)",0.001,0.44189515,0.0140269110194524,0.79627205,0.0105053101764224,0.7822968499999999,0.0114185497094024,0.8377008,0.00062274042021,10.0,,,,,False,
cosine_distance_capped_smote_avg,2.0,"(0, 1)","(100, 1)",0.005,0.53217615,0.0193160902863025,0.71882155,0.0222471104067724,0.7326712500000001,0.0239138672250125,0.7143244999999999,0.0207268042257,10.0,,,,,False,
cosine_distance_capped_smote_avg,2.0,"(0, 1)","(100, 1)",0.0005,0.4385668,0.00633963248661,0.79761565,0.0039760715172025,0.8243259999999999,0.0014075427909,0.81931175,0.0050478144130124,10.0,,,,,False,
cosine_distance_capped_smote_avg,2.0,"(0, 1)","(100, 1)",0.0001,0.5460192,0.01475391173181,0.7701728,0.0017819828928099,0.8092031000000001,0.00069216013009,0.8078253,0.00136422594491,10.0,,,,,False,
cosine_distance_capped_smote_avg,2.0,"(0, 1)","(100, 1)",0.001,0.54432455,0.0160477610255224,0.8153923500000001,0.0011087346859524,0.8310098500000003,0.0017305092811525,0.818706,0.00431337964445,10.0,,,,,False,
cosine_distance_capped_smote_avg,2.0,"(0, 1)","(100, 1)",0.005,0.5558911,0.0061537927183399,0.8267906999999999,0.00068132488036,0.8345192500000002,0.0015769684878625,0.85371785,0.0008472757844525,10.0,,,,,False,
cosine_distance_capped_smote_avg,2.0,"(0, 1)","(100, 1)",0.0005,0.5231107500000001,0.0057382686681124,0.7839253,0.00549546154966,0.8416240500000001,0.0006167749361724,0.82163135,0.0026860877504025,10.0,,,,,False,
cosine_distance_capped_smote_avg,2.0,"(0, 1)","(100, 1)",0.0001,0.5278009,0.00811014808144,0.7890672,0.00088726139066,0.8018460999999999,0.00093260337339,0.80901005,0.0009996625889225,10.0,,,,,False,
cosine_distance_capped_smote_avg,2.0,"(0, 1)","(100, 1)",0.001,0.5379508499999999,0.0120297840917525,0.7980859,0.00301124527144,0.81823365,0.0022738391494525,0.7991370999999999,0.00480325868334,10.0,,,,,False,
cosine_distance_capped_smote_avg,2.0,"(0, 1)","(100, 1)",0.005,0.5004801,0.0130061396561399,0.8045369499999999,0.0108066793536724,0.8043437000000001,0.0110870281499599,0.8559254000000001,0.00020605985629,10.0,,,,,False,
cosine_distance_capped_smote_avg,2.0,"(0, 1)","(100, 1)",0.0005,0.5220120500000001,0.0178985342832724,0.7885205,0.00216863647925,0.80256335,0.0022366181224024,0.7957400499999998,0.0026501164766725,10.0,,,,,False,
cosine_distance_capped_smote_avg,2.0,"(0, 1)","(100, 1)",0.0001,0.5357267499999999,0.0113255208276624,0.7950545499999999,0.0013209084272224,0.8054546,0.0029091445685899,0.8291778000000001,0.00099499416931,10.0,,,,,False,
triplet_loss_capped_smote,3.0,"(0, 3, 1)","(200, 20, 1)",0.01,0.50091535,0.0045667856019677,0.7306232249999999,4.643682180284773e-05,0.7644670083333333,0.0005160849983686,0.7873390666666665,0.000244040621533,0.5,,,,,True,
triplet_loss_capped_smote,3.0,"(0, 3, 1)","(200, 20, 1)",0.005,0.5253375333333333,0.0027232416164155,0.7219159499999999,4.035861040444445e-05,0.7383019749999999,4.356931730423603e-05,0.7475547166666667,5.653839393638852e-05,0.5,,,,,True,
triplet_loss_capped_smote,3.0,"(0, 3, 1)","(200, 20, 1)",0.05,0.5103481666666667,0.0067088288463319,0.7905352250000001,0.0001631029216139,0.7916025583333333,9.315403885840298e-05,0.78246575,0.0003232075641888,1.0,,,,,True,
triplet_loss_capped_smote,3.0,"(0, 3, 1)","(200, 20, 1)",0.05,0.5086180583333333,0.0093612939690139,0.792780225,0.0001558703580945,0.7890225916666666,0.00011011485702,0.7900179916666668,0.0001148682199825,5.0,,,,,True,
triplet_loss_capped_smote,3.0,"(0, 3, 1)","(200, 20, 1)",0.05,0.4975422666666667,0.003961686222215,0.7865963333333332,0.0002965418476902,0.7902651416666666,0.0001747758835111,0.7884380916666667,9.41330314631246e-05,10.0,,,,,True,
triplet_loss_capped_smote,3.0,"(0, 3, 1)","(200, 20, 1)",0.01,0.50091535,0.0045667856019677,0.7306232249999999,4.643682180284773e-05,0.7644670083333333,0.0005160849983686,0.7873390666666665,0.000244040621533,0.5,,,,,True,
triplet_loss_capped_smote,3.0,"(0, 3, 1)","(200, 20, 1)",0.005,0.5253375333333333,0.0027232416164155,0.7219159499999999,4.035861040444445e-05,0.7383019749999999,4.356931730423603e-05,0.7475547166666667,5.653839393638852e-05,0.5,,,,,True,
triplet_loss_capped_smote,3.0,"(0, 3, 1)","(200, 20, 1)",0.05,0.5103481666666667,0.0067088288463319,0.7905352250000001,0.0001631029216139,0.7916025583333333,9.315403885840298e-05,0.78246575,0.0003232075641888,1.0,,,,,True,
triplet_loss_capped_smote,3.0,"(0, 3, 1)","(200, 20, 1)",0.05,0.5086180583333333,0.0093612939690139,0.792780225,0.0001558703580945,0.7890225916666666,0.00011011485702,0.7900179916666668,0.0001148682199825,5.0,,,,,True,
triplet_loss_capped_smote,3.0,"(0, 3, 1)","(200, 20, 1)",0.05,0.4975422666666667,0.003961686222215,0.7865963333333332,0.0002965418476902,0.7902651416666666,0.0001747758835111,0.7884380916666667,9.41330314631246e-05,10.0,,,,,True,
triplet_loss_capped_smote,3.0,"(0, 3, 1)","(200, 20, 1)",0.05,0.5011616416666667,0.0050524125501472,0.772527825,0.0001972783715492,0.783794275,0.0001373016309278,0.7990534250000001,0.0001587905829978,0.5,,,,,True,
smote,2.0,"(0, 1)","(100, 1)",0.0005,0.5328351,0.006093416671390001,0.8026681999999999,0.001896416485310001,0.8288052499999999,0.00040354253121250086,0.8288242,0.0022965248597099958,,,,,,False,
